reference_perturbed_action_mean,rollout/actions_mean,total/episodes,reference_action_mean,total/duration,obs_rms_mean,param_noise_stddev,obs_rms_std,reference_action_std,total/epochs,reference_perturbed_action_std,reference_Q_std,total/steps_per_second,rollout/episodes,rollout/return,reference_actor_Q_std,train/loss_actor,reference_actor_Q_mean,train/param_noise_distance,rollout/Q_mean,reference_Q_mean,total/steps,rollout/actions_std,train/loss_critic,rollout/return_history,rollout/episode_steps
0.038775503635406494,0.01788894459605217,680.0,0.08713007718324661,63.51613140106201,0.010141659528017044,0.1639088940674591,0.5456534028053284,0.6120764017105103,1,0.6014139652252197,1.8995531797409058,157.44031916642828,680.0,7.8,1.393157720565796,-8.977816581726074,9.543996810913086,0.6505785286426544,4.510863304138184,8.902101516723633,10000,0.5926336050033569,1.3713510036468506,7.8,14.670588235294117
0.1540476381778717,0.011687376536428928,1039.0,0.2388475239276886,115.00241827964783,0.008378170430660248,0.13433062777208762,0.5020648837089539,0.5367137789726257,2,0.7909133434295654,4.568149089813232,173.90938642148043,1039.0,29.2,2.6442182064056396,-19.856449127197266,20.15338897705078,1.1971572041511536,9.555563926696777,18.389394760131836,20000,0.5299915075302124,6.224279880523682,29.2,19.231953801732434
0.24138304591178894,0.010222475044429302,1229.0,0.017600733786821365,165.95806789398193,0.010198005475103855,0.11230273064362171,0.47752758860588074,0.5647250413894653,3,0.7687577605247498,8.483428955078125,180.76855425410673,1229.0,35.4,5.619450092315674,-31.087482452392578,31.501089096069336,0.7620578706264496,15.03995418548584,28.304214477539062,30000,0.5193683505058289,14.692636489868164,35.4,24.379983726606998
0.34420210123062134,0.01012749969959259,1390.0,0.005352464038878679,217.04001092910767,0.011696490459144115,0.09203708190275892,0.4707094430923462,0.6055726408958435,4,0.9150365591049194,10.720376968383789,184.29781600529546,1390.0,72.0,7.051198959350586,-42.036415100097656,43.36350631713867,0.38960903882980347,20.529699325561523,39.129241943359375,40000,0.5224284529685974,24.265682220458984,72.0,28.718705035971222
0.2261611819267273,0.008251812309026718,1547.0,-0.08916148543357849,268.64745235443115,0.008862696588039398,0.08167823703026889,0.4655628800392151,0.6898831725120544,5,0.7190718650817871,13.734237670898438,186.1175289838005,1547.0,29.4,9.8858003616333,-53.919761657714844,55.606014251708984,0.2491270899772644,26.052465438842773,50.22010803222656,50000,0.5211924910545349,34.525123596191406,29.4,32.28894634776988
0.0011361795477569103,0.007836715318262577,1633.0,-0.02817632257938385,320.65246391296387,0.01088197622448206,0.06965693719894053,0.46303755044937134,0.8255108594894409,6,0.6787186861038208,18.546289443969727,187.11847483662584,1633.0,75.9,15.509819984436035,-62.67759323120117,69.10221862792969,0.41195060312747955,31.412168502807617,61.77045440673828,60000,0.5333900451660156,41.732276916503906,75.9,36.45437844458053
0.0312914103269577,0.007139289285987616,1704.0,0.0803566575050354,372.84101247787476,0.01269877515733242,0.060598955937205407,0.4590030908584595,0.692533552646637,7,0.41095319390296936,26.39959144592285,187.74758585377987,1704.0,241.8,24.81838607788086,-72.032958984375,79.59888458251953,0.23814167827367783,36.995906829833984,72.08953857421875,70000,0.5403507947921753,66.24351501464844,241.8,40.96948356807512
0.1585635542869568,0.006184970494359732,1729.0,0.11523585021495819,423.3670120239258,0.012372367084026337,0.05940491710342653,0.4590602517127991,0.7082431316375732,8,0.5526540279388428,29.777767181396484,188.96134495117195,1729.0,390.1,26.501150131225586,-81.62184143066406,92.891845703125,0.3359004035592079,42.8622932434082,83.20584106445312,80000,0.5616413950920105,63.453330993652344,390.1,46.19491035280509
-0.22984525561332703,0.005502421874552965,1740.0,0.08018675446510315,475.98136162757874,0.007568509317934513,0.05823440555183466,0.4522457718849182,0.582159698009491,9,0.4074833393096924,36.00237274169922,189.08303403362785,1740.0,900.7,31.057266235351562,-91.82127380371094,101.34207153320312,0.2686578035354614,48.95576477050781,90.4580078125,90000,0.5684999227523804,59.67744827270508,900.7,51.654022988505744
-0.051255304366350174,0.004958074539899826,1750.0,-0.1205117255449295,528.2968809604645,0.009461642242968082,0.05377849649835011,0.4408034086227417,0.618092954158783,10,0.4824466109275818,37.12480163574219,189.28750784633834,1750.0,1000.0,31.16946029663086,-108.19288635253906,114.17303466796875,0.27293264865875244,55.71613311767578,101.31730651855469,100000,0.5645707845687866,68.31459045410156,1000.0,57.073142857142855
0.019205041229724884,0.004508468322455883,1760.0,-0.08407559990882874,579.5493335723877,0.01210085116326809,0.057086957702023974,0.4337196946144104,0.6380321979522705,11,0.6821441054344177,37.85689926147461,189.80265117716786,1760.0,1000.0,30.962730407714844,-120.13349914550781,126.30671691894531,0.3183814734220505,61.988975524902344,113.49545288085938,110000,0.5576710104942322,77.49113464355469,1000.0,62.43068181818182
-0.09655707329511642,0.004149212501943111,1770.0,-0.02291463501751423,630.829252243042,0.012627778574824333,0.05066177638540577,0.43416517972946167,0.6336928009986877,12,0.5248258709907532,39.50048828125,190.22580131361306,1770.0,939.4,31.767471313476562,-127.46390533447266,134.44529724121094,0.14356524497270584,68.01750946044922,121.29702758789062,120000,0.5717093348503113,83.93647766113281,939.4,67.38531073446327
-0.05417143553495407,0.003846018109470606,1781.0,0.10520371794700623,691.8210635185242,0.012718146666884422,0.048684971322958646,0.43172717094421387,0.6710808277130127,13,0.7214114665985107,42.27614212036133,187.90986116964206,1781.0,905.0,33.99618911743164,-134.3298797607422,138.35092163085938,0.18206284195184708,73.42012786865234,124.97042083740234,130000,0.5707642436027527,78.79713439941406,905.0,72.61201572150478
0.041183825582265854,0.003563610138371587,1793.0,0.07762783765792847,747.9985654354095,0.007934275083243847,0.045863445263280886,0.43211138248443604,0.6035100817680359,14,0.48224085569381714,43.45442581176758,187.16613436084074,1793.0,803.9,34.61651611328125,-139.84774780273438,142.83514404296875,0.24974557757377625,78.69449615478516,128.93057250976562,140000,0.5737823247909546,77.94303894042969,803.9,77.7250418293363
0.22595247626304626,0.003305316437035799,1804.0,0.20192453265190125,803.8105571269989,0.0014915402280166745,0.04320544008261588,0.43741685152053833,0.866409182548523,15,0.807056725025177,45.282047271728516,186.61113451424922,1804.0,917.1,34.71681594848633,-146.8663330078125,149.40805053710938,0.4896036386489868,83.67932891845703,133.24082946777344,150000,0.5866208076477051,84.82183837890625,917.1,82.88913525498891
0.06933216005563736,0.003048563376069069,1816.0,0.10592857003211975,859.0352754592896,-0.00463241059333086,0.040701478966889394,0.4466369152069092,0.8955478668212891,16,0.8347006440162659,47.71956253051758,186.25544790864942,1816.0,807.8,37.17665481567383,-154.2815399169922,157.19589233398438,0.3692319244146347,88.44011688232422,139.67361450195312,160000,0.611373782157898,89.16389465332031,807.8,87.89096916299559
-0.07609444856643677,0.002879583975300193,1826.0,0.01676499843597412,911.8409192562103,-0.0077086943201720715,0.0368465179454358,0.4556306004524231,0.9999468922615051,17,1.1644504070281982,52.17100143432617,186.43602892779717,1826.0,1000.0,44.00823211669922,-163.56028747558594,166.09674072265625,0.13958806917071342,92.73067474365234,147.5008544921875,170000,0.6307449340820312,89.81068420410156,1000.0,92.88608981380065
0.0010477597825229168,0.002673201262950897,1837.0,-0.02216070145368576,975.9146916866302,-0.01001754216849804,0.03612049597631193,0.46513766050338745,1.2802780866622925,18,0.8964326977729797,59.486900329589844,184.44235088715996,1837.0,908.1,50.77630615234375,-175.09591674804688,174.91452026367188,0.2899569571018219,97.27255249023438,155.6360321044922,180000,0.6530215740203857,87.70130920410156,908.1,97.81763745236799
0.02089092694222927,0.0025377271231263876,1847.0,-0.03743959963321686,1031.2280356884003,-0.015183743089437485,0.03269941380439557,0.47058427333831787,1.3571950197219849,19,0.9217512011528015,62.0408821105957,184.24634845499014,1847.0,1000.0,55.0711669921875,-190.85324096679688,190.64932250976562,0.25925496220588684,101.95511627197266,170.21337890625,190000,0.6621431112289429,131.89950561523438,1000.0,102.7022198159177
-0.42025282979011536,0.0024736730847507715,1859.0,-0.3696656823158264,1092.6597983837128,-0.015185866504907608,0.03142349394213421,0.47723114490509033,2.4291043281555176,20,1.7304178476333618,66.4752426147461,183.0395886220437,1859.0,815.6,59.997562408447266,-208.52175903320312,207.98837280273438,0.275132417678833,107.1916275024414,186.2764892578125,200000,0.676128089427948,157.08518981933594,815.6,107.5024206562668
-0.022039372473955154,0.0024043244775384665,1870.0,-0.13866852223873138,1150.392395734787,-0.015412856824696064,0.029602352743226954,0.4843123257160187,1.9825875759124756,21,1.12953519821167,76.868896484375,182.54640831997787,1870.0,899.3,75.26296997070312,-229.7665557861328,229.11119079589844,0.3693115636706352,112.96965026855469,202.16531372070312,210000,0.688304603099823,203.6373291015625,899.3,112.21390374331551
-0.48079198598861694,0.0022952244617044926,1884.0,-0.3104078769683838,1200.6624958515167,-0.015774626284837723,0.027886755354071244,0.49026864767074585,2.418705940246582,22,3.334141969680786,83.7304458618164,183.23217453708733,1884.0,655.8,80.90723419189453,-251.5401611328125,254.67294311523438,0.9319764822721481,119.04275512695312,222.98422241210938,220000,0.6986874341964722,275.68255615234375,655.8,116.54087048832272
-0.027935657650232315,0.002198261907324195,1894.0,-0.3182205259799957,1250.5717689990997,-0.015291882678866386,0.02733727610437334,0.49458423256874084,1.9357548952102661,23,1.1331455707550049,86.93070220947266,183.91587408380525,1894.0,1000.0,86.38124084472656,-277.5655822753906,284.0030517578125,0.09686670079827309,125.95503234863281,248.30810546875,230000,0.7074487805366516,292.405517578125,1000.0,121.20538542766631
-0.5510838031768799,0.0021975983399897814,1905.0,-0.22174812853336334,1300.6716346740723,-0.013455705717206001,0.02733727610437334,0.49945348501205444,2.5783884525299072,24,3.0277206897735596,96.54351806640625,184.52005379523803,1905.0,908.3,90.17086791992188,-304.3863525390625,306.08935546875,0.5482536405324936,133.47206115722656,266.04901123046875,240000,0.7175499200820923,367.91351318359375,908.3,125.79842519685039
-0.44198164343833923,0.002208183752372861,1916.0,-0.5309947729110718,1350.5853233337402,-0.012576092034578323,0.02733727610437334,0.5028806924819946,2.539108991622925,25,2.479893684387207,105.7808837890625,185.1049287155796,1916.0,909.0,100.5523452758789,-331.3111877441406,328.65362548828125,0.19891123473644257,141.57736206054688,287.87030029296875,250000,0.7271117568016052,395.42138671875,909.0,130.16805845511482
-0.6727682948112488,0.0021364118438214064,1931.0,-0.6501642465591431,1401.1229720115662,-0.01173533033579588,0.027886755354071244,0.5065981149673462,3.2308950424194336,26,3.343736410140991,106.4344711303711,185.56543943228826,1931.0,725.1,100.75859069824219,-352.2106018066406,350.5949401855469,0.16963038221001625,149.65237426757812,308.43621826171875,260000,0.7344478964805603,360.13592529296875,725.1,134.59917141377525
-0.6637282967567444,0.002159232273697853,1944.0,-0.5853501558303833,1458.2603390216827,-0.009612172842025757,0.028447279136688076,0.5105917453765869,3.9949288368225098,27,4.019167423248291,116.83372497558594,185.15212460700778,1944.0,922.2,105.36036682128906,-376.572998046875,368.3409118652344,0.2928900830447674,157.84365844726562,321.34307861328125,270000,0.7410250306129456,393.81890869140625,922.2,138.68106995884773
-0.342585027217865,0.0020569711923599243,1955.0,-0.3301960825920105,1509.0618658065796,-0.009475955739617348,0.02733727610437334,0.5141180753707886,2.6741068363189697,28,2.65002179145813,111.37601470947266,185.5457396044811,1955.0,906.6,94.61654663085938,-404.610595703125,400.7935791015625,0.12939143553376198,166.54339599609375,358.0023193359375,280000,0.7477912902832031,463.8265686035156,906.6,143.04961636828645
-0.4379112124443054,0.0019905802328139544,1966.0,-0.19140993058681488,1560.3142993450165,-0.00931654591113329,0.026798623766663407,0.5166910290718079,2.858464002609253,29,4.47605037689209,111.04019927978516,185.8599899531365,1966.0,836.1,92.44032287597656,-426.1728515625,422.3363037109375,0.8426756709814072,175.6866455078125,379.4248046875,290000,0.751498818397522,551.4496459960938,836.1,147.01068158697865
-0.17519426345825195,0.0019066089298576117,2004.0,-0.30809199810028076,1610.2916893959045,-0.009281338192522526,0.03080432697003647,0.5217510461807251,2.0456786155700684,30,2.0430612564086914,122.8066635131836,186.30165079752973,2004.0,348.5,104.8025894165039,-437.0360412597656,429.77667236328125,0.12053470127284527,183.79856872558594,388.5906677246094,300000,0.754795491695404,551.4442138671875,348.5,149.32784431137725
-0.36424076557159424,0.001874579698778689,2017.0,-0.2869482636451721,1662.7677993774414,-0.008934986777603626,0.030197360033365817,0.5252420902252197,2.876413345336914,31,3.195070266723633,120.8998794555664,186.4361338462697,2017.0,827.9,103.90612030029297,-446.031494140625,446.166015625,0.12714774906635284,192.22052001953125,403.34344482421875,310000,0.7596579194068909,466.5010681152344,827.9,153.5121467526029
-0.7339990735054016,0.0018211331916972995,2028.0,-0.5657624006271362,1713.4547429084778,-0.00944772083312273,0.030197360033365813,0.5275614261627197,4.318487167358398,32,4.048920631408691,127.67886352539062,186.7571940982934,2028.0,916.7,104.4226303100586,-454.9449157714844,445.8859558105469,0.28920792043209076,200.76226806640625,398.495849609375,320000,0.7645397186279297,446.29290771484375,916.7,157.69280078895463
-0.15092772245407104,0.0017706315265968442,2038.0,-0.25680315494537354,1763.7670409679413,-0.009670399129390717,0.030804326970036468,0.5295189619064331,2.8013663291931152,33,2.133277177810669,121.02922821044922,187.09953884777133,2038.0,1000.0,98.082275390625,-461.2457580566406,452.7274169921875,0.4191398546099663,209.0825958251953,409.1199645996094,330000,0.7690303921699524,528.3528442382812,1000.0,161.82580961727183
-0.8423096537590027,0.0017304663779214025,2048.0,-0.4135546088218689,1814.0855095386505,-0.01002438459545374,0.0320551061703711,0.531083345413208,3.5529727935791016,34,6.52119255065918,120.60899353027344,187.42225667546793,2048.0,1000.0,95.31800079345703,-472.02081298828125,463.6004943847656,0.7684484049677849,217.2811737060547,419.48675537109375,340000,0.7743130326271057,700.0797729492188,1000.0,165.91845703125
-0.8382673263549805,0.0016954668099060655,2060.0,-0.4786437153816223,1864.6595332622528,-0.011220435611903667,0.030804326970036468,0.5318408012390137,3.7862887382507324,35,4.087660312652588,134.2345428466797,187.70182639597974,2060.0,811.8,105.41936492919922,-476.71630859375,469.54058837890625,0.2137719914317131,225.03961181640625,413.9986572265625,350000,0.7758691310882568,547.9247436523438,811.8,169.8635922330097
-0.12360439449548721,0.0015696680638939142,2081.0,-0.26792141795158386,1915.4019758701324,-0.012177732773125172,0.0314234939421342,0.5329399108886719,2.372056484222412,36,2.779764413833618,123.508056640625,187.95010370418905,2081.0,286.6,96.84530639648438,-475.04541015625,473.404296875,0.11050736159086227,232.3153076171875,427.88671875,360000,0.7762855887413025,685.4188232421875,286.6,172.6828447861605
-0.5190666913986206,0.0015258778585121036,2091.0,-0.38008368015289307,1965.7314450740814,-0.011947373859584332,0.02960235274322695,0.5331875085830688,3.4763994216918945,37,4.039008140563965,124.60089874267578,188.2251011078759,2091.0,1000.0,98.05316925048828,-474.579345703125,470.279052734375,1.8983988016843796,239.21176147460938,419.8892822265625,370000,0.7779911160469055,397.674072265625,1000.0,176.6394069823051
-0.4504392147064209,0.0014961515553295612,2101.0,-0.462091326713562,2019.9662203788757,-0.012968427501618862,0.02960235274322695,0.534055233001709,3.9295825958251953,38,3.6489055156707764,121.47339630126953,188.1219577665636,2101.0,1000.0,93.3558578491211,-470.3192443847656,465.29071044921875,1.1144005209207535,245.69171142578125,421.119384765625,380000,0.7789493799209595,673.5582885742188,1000.0,180.55830556877677
-0.7000559568405151,0.0014586297329515219,2111.0,-0.4609367251396179,2077.435678243637,-0.013368887826800346,0.029019069447335507,0.5346498489379883,4.290447235107422,39,4.365503311157227,125.53221130371094,187.7314441473945,2111.0,1000.0,94.61437225341797,-469.9898376464844,465.958740234375,0.11488176509737968,251.8463134765625,418.3890380859375,390000,0.7811806201934814,499.24957275390625,1000.0,184.44007579346282
-1.0476325750350952,0.001432286691851914,2121.0,-0.641464352607727,2135.09800696373,-0.01382303237915039,0.02960235274322695,0.5354171991348267,4.820040225982666,40,7.74399995803833,127.36283874511719,187.34502992152107,2121.0,1000.0,97.74077606201172,-468.01263427734375,462.15338134765625,0.4732838310301304,257.8814697265625,413.980712890625,400000,0.7837004065513611,602.5056762695312,1000.0,188.28524280999528
-0.5887026786804199,0.0013956479961052537,2131.0,-0.47962862253189087,2194.0184664726257,-0.01347394473850727,0.02960235274322695,0.5360504388809204,4.22069787979126,41,4.185077667236328,116.83052062988281,186.87171793005302,2131.0,1000.0,88.11626434326172,-461.3526916503906,455.53753662109375,1.09184018522501,263.22412109375,411.61114501953125,410000,0.7862094044685364,448.5702209472656,1000.0,192.09432191459408
-0.3619574308395386,0.0013655547518283129,2141.0,-0.5614358186721802,2247.5855996608734,-0.013965055346488953,0.030804326970036468,0.5369768142700195,5.1766276359558105,42,3.643230676651001,127.56167602539062,186.8671876449874,2141.0,1000.0,99.1844253540039,-464.72833251953125,461.8399963378906,0.10311159491539001,268.4025573730469,414.142578125,420000,0.7884449362754822,449.9122009277344,1000.0,195.86781877627277
-0.24023613333702087,0.0013088257983326912,2153.0,-0.5424127578735352,2298.1970524787903,-0.014883472584187984,0.030197360033365813,0.537632167339325,4.692318439483643,43,2.8616459369659424,128.70484924316406,187.10319010121887,2153.0,907.8,101.11640167236328,-463.666748046875,458.9784240722656,1.3974259123206139,273.3280334472656,408.2080383300781,430000,0.7893759608268738,482.8609313964844,907.8,199.49512308406875
-0.2776404321193695,0.0012814273359254003,2163.0,-0.5894762873649597,2348.9278841018677,-0.015094456262886524,0.0314234939421342,0.5383726954460144,5.219676971435547,44,2.7291436195373535,130.16754150390625,187.31950136827538,2163.0,1000.0,106.36701965332031,-457.9515686035156,447.5657043457031,0.12446968629956245,278.0253601074219,401.42926025390625,440000,0.7915884852409363,331.654541015625,1000.0,203.19602404068422
-0.2254646271467209,0.0012547796359285712,2173.0,-0.5880848169326782,2399.879035949707,-0.014984693378210068,0.0347110866662064,0.5387129187583923,5.193399906158447,45,3.6710991859436035,131.49905395507812,187.50945079276505,2173.0,1000.0,106.82369232177734,-451.90057373046875,443.47161865234375,0.18812750652432442,282.23480224609375,397.77685546875,450000,0.7932481169700623,507.53289794921875,1000.0,206.86286240220892
-1.009580373764038,0.0012264711549505591,2183.0,-0.4471108317375183,2458.272089242935,-0.01531264465302229,0.03335667202186391,0.5390188694000244,3.7423126697540283,46,6.522387981414795,117.50808715820312,187.1233058427086,2183.0,1000.0,91.37471008300781,-453.98095703125,449.420166015625,0.12533753365278244,286.4393615722656,407.1456298828125,460000,0.7948551774024963,397.49456787109375,1000.0,210.4961062757673
-0.5915358066558838,0.0012052080128341913,2193.0,-0.6457711458206177,2526.3759467601776,-0.015875812619924545,0.03335667202186391,0.5390056371688843,5.019769668579102,47,4.828910827636719,122.83910369873047,186.03723669975864,2193.0,1000.0,95.44893646240234,-448.56365966796875,433.4557189941406,1.7206834703683853,290.23272705078125,393.70574951171875,470000,0.7961999177932739,432.05181884765625,1000.0,214.09621523027815
-0.6796839237213135,0.0011837990023195744,2203.0,-0.6712227463722229,2588.279718875885,-0.0160527266561985,0.0314234939421342,0.539382815361023,5.381712436676025,48,5.746528148651123,120.01390838623047,185.45136234675155,2203.0,1000.0,90.59548950195312,-443.9208984375,438.35784912109375,0.5270955041050911,293.7900390625,389.8406677246094,480000,0.798287034034729,305.9103698730469,1000.0,217.66364049024057
-1.0493271350860596,0.0011636901181191206,2213.0,-0.6148145794868469,2640.142014980316,-0.015596442855894566,0.03269941380439556,0.5399752855300903,4.907761096954346,49,6.4687299728393555,116.8910140991211,185.5960767336424,2213.0,1000.0,91.60590362548828,-436.93426513671875,429.85015869140625,0.1186889074742794,296.9063415527344,389.3966369628906,490000,0.799809992313385,348.84033203125,1000.0,221.1988251242657
-0.8316763639450073,0.0011232750257477164,2224.0,-0.8305126428604126,2699.5640199184418,-0.01562335155904293,0.03402714112950338,0.5404353141784668,6.351097583770752,50,4.8647847175598145,115.64363098144531,185.21509262636633,2224.0,918.2,88.19144439697266,-432.72589111328125,424.58343505859375,0.5131176263093948,299.8475646972656,383.37921142578125,500000,0.8018319010734558,314.18157958984375,918.2,224.6830035971223
-0.6800612807273865,0.0011083998251706362,2235.0,-0.6102412343025208,2754.2530357837677,-0.015283297747373581,0.03402714112950338,0.5413093566894531,4.91150426864624,51,4.352331638336182,113.36552429199219,185.16817205027468,2235.0,911.9,84.5467758178711,-427.29376220703125,411.95947265625,0.39922770857810974,302.5717468261719,371.0887145996094,510000,0.804384708404541,501.5154724121094,911.9,228.10469798657718
-1.003636121749878,0.0010771275265142322,2245.0,-0.7214504480361938,2809.4223868846893,-0.015657110139727592,0.0347110866662064,0.5415602922439575,5.575235366821289,52,7.641952991485596,118.53864288330078,185.09142748613792,2245.0,1000.0,89.489013671875,-420.1358947753906,410.33709716796875,0.1795893833041191,305.17840576171875,365.039306640625,520000,0.8061624765396118,349.55133056640625,1000.0,231.54298440979954
-0.5081700086593628,0.0010452589485794306,2255.0,-0.6280508041381836,2860.413103580475,-0.015452434308826923,0.03335667202186391,0.54219651222229,4.523885250091553,53,4.201735973358154,101.69696807861328,185.28792199161066,2255.0,920.0,81.28565979003906,-413.38153076171875,404.1541748046875,0.3580997809767723,307.33734130859375,372.06256103515625,530000,0.8072564601898193,362.49639892578125,920.0,234.5960088691796
-0.28458645939826965,0.0010237047681584954,2266.0,-0.5847229957580566,2911.484260559082,-0.015485113486647606,0.03269941380439556,0.5423935651779175,5.1604390144348145,54,3.0170388221740723,106.44210815429688,185.4724091471838,2266.0,910.9,79.83381652832031,-404.518798828125,392.57818603515625,0.21377302706241608,309.2389221191406,357.44573974609375,540000,0.807978630065918,329.1231384277344,910.9,237.91835834068843
-0.5960981249809265,0.0010017640888690948,2277.0,-0.6959302425384521,2962.6507165431976,-0.01524167787283659,0.0320551061703711,0.5428754091262817,5.160965919494629,55,5.076241970062256,99.74402618408203,185.64456381200972,2277.0,921.8,76.63323211669922,-398.3876037597656,391.5177307128906,2.0372104831039906,311.0562438964844,354.19879150390625,550000,0.8096579313278198,274.73486328125,921.8,241.2564778216952
-0.7180396914482117,0.0009761085384525359,2287.0,-0.8885693550109863,3013.8397092819214,-0.01506110280752182,0.03402714112950338,0.5435861349105835,6.336934566497803,56,5.043131351470947,108.17256164550781,185.80948358843736,2287.0,1000.0,82.181396484375,-392.8343200683594,382.358642578125,0.08490613847970963,312.7109375,345.004150390625,560000,0.8107321858406067,301.3301086425781,1000.0,244.57411456055968
-0.7259821891784668,0.0009439180139452219,2298.0,-0.6438131332397461,3065.6702654361725,-0.015031697228550911,0.03758713295613904,0.5440390110015869,5.295297145843506,57,5.5333075523376465,102.365478515625,185.92997636649042,2298.0,909.4,78.43712615966797,-388.0276184082031,374.8877258300781,0.3678959906101227,314.2386779785156,338.140380859375,570000,0.8121737837791443,312.01788330078125,909.4,247.79590948651
-1.5458965301513672,0.0009182450012303889,2309.0,-0.26764559745788574,3117.307020664215,-0.01562868431210518,0.03834263432855743,0.544129490852356,3.2410106658935547,58,9.529814720153809,98.59662628173828,186.05802898311165,2309.0,912.8,75.28627014160156,-386.63690185546875,377.6219482421875,0.18141258507966995,315.7115173339844,342.25433349609375,580000,0.8130925893783569,267.36004638671875,912.8,251.00173235166739
-0.7645690441131592,0.0008821060182526708,2320.0,-0.5492417812347412,3169.793691635132,-0.01598370634019375,0.03911332127856144,0.5447714328765869,4.332907676696777,59,4.3475494384765625,94.97449493408203,186.13198756656294,2320.0,911.1,72.65410614013672,-383.1409606933594,375.68267822265625,0.11517350003123283,317.0058898925781,340.9716796875,590000,0.8144840002059937,207.1082763671875,911.1,254.1698275862069
-0.7563977241516113,0.0008697535376995802,2332.0,-0.48174530267715454,3222.36745429039,-0.015473393723368645,0.03911332127856144,0.5447888374328613,3.530674457550049,60,4.938392639160156,87.46988677978516,186.1985042088033,2332.0,813.4,65.38093566894531,-374.5746154785156,373.316650390625,0.24608901888132095,317.9961853027344,340.45709228515625,600000,0.8146390318870544,228.1953125,813.4,257.20754716981133
0.08900526165962219,0.0008628775249235332,2344.0,-0.5632607936859131,3274.2277562618256,-0.015305858105421066,0.03758713295613904,0.5451509952545166,5.0733184814453125,61,1.146380066871643,92.9229507446289,186.3034722717136,2344.0,813.0,69.41336059570312,-364.33111572265625,360.15960693359375,0.12269448861479759,318.9012756347656,324.1123962402344,610000,0.8162868618965149,253.00619506835938,813.0,260.21245733788396
-0.3425076901912689,0.0008513778448104858,2354.0,-0.6824676990509033,3328.021232366562,-0.01567978784441948,0.03684651794543578,0.5448938608169556,5.563381671905518,62,3.1489739418029785,97.95855712890625,186.29688836423585,2354.0,1000.0,76.15567016601562,-355.8356018066406,346.19189453125,0.08603903278708458,319.67889404296875,312.1295166015625,620000,0.816548764705658,162.46524047851562,1000.0,263.3551401869159
-0.24722954630851746,0.0008364000823348761,2364.0,-0.3448909521102905,3392.8060805797577,-0.016274772584438324,0.03612049597631191,0.5449457764625549,3.381115436553955,63,1.8481067419052124,86.96685791015625,185.68700510355916,2364.0,918.8,67.91217041015625,-353.29693603515625,347.9073791503906,1.2167734131217003,320.250732421875,313.263671875,630000,0.816703736782074,274.37713623046875,918.8,266.12774957698815
-0.16562213003635406,0.0007956544286571443,2378.0,-0.4539731740951538,3447.4607629776,-0.017035307362675667,0.03684651794543578,0.5449023246765137,4.101683616638184,64,3.813260316848755,85.80905151367188,185.64388226632832,2378.0,741.7,66.98176574707031,-349.15533447265625,346.0751953125,0.23983406275510788,320.7118835449219,311.67059326171875,640000,0.8159804344177246,171.64279174804688,741.7,268.99285113540793
-1.2206575870513916,0.0007741040317341685,2389.0,-0.778523325920105,3499.373566389084,-0.017333613708615303,0.03989949903626053,0.5448797941207886,6.145141124725342,65,8.034053802490234,87.66402435302734,185.74753099901784,2389.0,907.7,67.61196899414062,-343.3066711425781,341.1365051269531,0.48691798746585846,321.0265197753906,307.9454345703125,650000,0.8154041767120361,285.03082275390625,907.7,271.9723733779824
-1.4197218418121338,0.0007637650705873966,2399.0,-0.9845635294914246,3562.5918033123016,-0.01770179718732834,0.03989949903626053,0.5451359152793884,7.219351291656494,66,9.406523704528809,88.94255065917969,185.25838390644932,2399.0,1000.0,68.12759399414062,-337.9126892089844,338.94854736328125,0.21854937076568604,321.4905700683594,302.765869140625,660000,0.8164210319519043,244.592041015625,1000.0,275.0070862859525
-1.3676741123199463,0.0007383759948424995,2409.0,-0.7912317514419556,3618.107167482376,-0.01821710169315338,0.03834263432855743,0.5452965497970581,5.487860679626465,67,8.506193161010742,84.89324188232422,185.17970004360396,2409.0,934.1,63.7076301574707,-334.32977294921875,329.2479248046875,2.0523638874292374,321.65679931640625,299.20587158203125,670000,0.8167105317115784,255.8640594482422,934.1,277.7430469074305
-0.535163164138794,0.0007181983673945069,2420.0,-0.7914412021636963,3670.826402902603,-0.01833098940551281,0.04320544008261584,0.5456231832504272,5.859373092651367,68,4.5290985107421875,84.60626983642578,185.24439059888778,2420.0,913.1,64.14596557617188,-327.7685852050781,323.61700439453125,0.05989835411310196,321.890380859375,292.3643798828125,680000,0.8180789947509766,228.8755340576172,913.1,280.6669421487603
-0.4370189607143402,0.000704459729604423,2431.0,-0.6325377225875854,3722.8187124729156,-0.018499262630939484,0.04320544008261584,0.5456019043922424,4.635876655578613,69,3.171086311340332,82.73749542236328,185.3434328371207,2431.0,923.6,63.61356735229492,-321.4642028808594,317.9801330566406,0.17049534246325493,321.9464111328125,290.01141357421875,690000,0.819002628326416,205.16128540039062,923.6,283.60756890168653
-0.3555672764778137,0.0006971199181862175,2442.0,-0.6754109859466553,3774.389588356018,-0.018401864916086197,0.04151957869412384,0.5457954406738281,4.830220699310303,70,2.668055772781372,81.56792449951172,185.46045224358878,2442.0,947.6,60.7047119140625,-317.0895690917969,314.2159118652344,0.9345407485961914,321.971923828125,282.090087890625,700000,0.8196536898612976,238.8523712158203,947.6,286.6199836199836
-0.3240434229373932,0.0006923313485458493,2452.0,-0.5946836471557617,3825.9081921577454,-0.018298814073204994,0.03989949903626053,0.5460663437843323,4.442419052124023,71,4.924945831298828,89.14099884033203,185.5768524334538,2452.0,1000.0,69.13308715820312,-312.7919006347656,309.8072509765625,0.15426337718963623,321.9494934082031,277.8890380859375,710000,0.820571780204773,187.65090942382812,1000.0,289.5293637846656
-1.0595638751983643,0.0006837910623289645,2462.0,-0.7747043371200562,3878.2551572322845,-0.01843228191137314,0.040701478966889366,0.5460495948791504,5.733077049255371,72,6.827548503875732,78.86558532714844,185.650497661899,2462.0,909.5,60.336463928222656,-309.1297912597656,306.6617126464844,0.18487288802862167,321.8132019042969,277.9988098144531,720000,0.8204019069671631,129.9261016845703,909.5,292.04752233956134
-1.4752944707870483,0.0006751673063263297,2473.0,-0.5772322416305542,3930.2302951812744,-0.018162786960601807,0.042354122225875736,0.5465264320373535,4.4605231285095215,73,7.677210807800293,78.9154281616211,185.73975191607192,2473.0,912.9,60.73332214355469,-303.7502136230469,299.36785888671875,1.4810570869594812,321.7167053222656,271.610107421875,730000,0.8212105631828308,128.37442016601562,912.9,294.8443186413263
-0.456002414226532,0.0006716762436553836,2484.0,-0.7379382848739624,3982.102363348007,-0.017791643738746643,0.04495975420378478,0.5467782020568848,6.418688774108887,74,4.944164276123047,84.53795623779297,185.8314861041982,2484.0,909.9,65.67669677734375,-297.7046813964844,289.4865417480469,0.06575291603803635,321.5111999511719,262.185791015625,740000,0.8219795823097229,121.3734359741211,909.9,297.60426731078906
-0.9327374696731567,0.0006587440147995949,2497.0,-0.8283010721206665,4041.074362754822,-0.01737179234623909,0.04495975420378478,0.5467399954795837,6.513422012329102,75,6.615194320678711,72.54693603515625,185.59420903324357,2497.0,832.2,54.512943267822266,-294.0172424316406,287.5238037109375,0.392567902803421,321.20904541015625,263.731201171875,750000,0.8222475647926331,152.7702178955078,832.2,300.2370845014017
-1.01468026638031,0.0006477863062173128,2508.0,-0.9172443151473999,4095.5379025936127,-0.017407529056072235,0.042354122225875736,0.546660304069519,6.459405899047852,76,5.666860580444336,75.41495513916016,185.56781015717348,2508.0,904.4,57.233680725097656,-288.42254638671875,281.8655700683594,0.6559454649686813,320.8872375488281,255.48240661621094,760000,0.8229319453239441,176.73922729492188,904.4,302.9250398724083
-1.2657532691955566,0.0006375774974003434,2519.0,-0.8519769906997681,4155.110649347305,-0.01684054732322693,0.04151957869412384,0.5464816093444824,6.0785040855407715,77,8.157830238342285,74.62699890136719,185.31395791372088,2519.0,924.1,57.81230163574219,-282.0582580566406,274.70501708984375,0.21810787171125412,320.459716796875,251.02430725097656,770000,0.8222923874855042,90.4554443359375,924.1,305.66772528781263
-0.8556025624275208,0.0006297650397755206,2529.0,-1.485511064529419,4207.139140844345,-0.01615666039288044,0.040701478966889366,0.5465270280838013,10.013991355895996,78,5.7454962730407715,69.62355041503906,185.39914509303802,2529.0,907.3,49.86056137084961,-276.6149597167969,273.56365966796875,0.46430451422929764,320.06158447265625,247.26861572265625,780000,0.8229047060012817,159.7940216064453,907.3,308.04665875840254
-0.38429927825927734,0.0006119759054854512,2541.0,-0.6624290943145752,4272.923804998398,-0.016265874728560448,0.040701478966889366,0.5464822053909302,4.994664192199707,79,2.6764814853668213,72.26154327392578,184.88511287654384,2541.0,915.4,53.888431549072266,-271.62384033203125,264.5165710449219,1.0109184235334396,319.5230712890625,239.86465454101562,790000,0.8231313824653625,112.67911529541016,915.4,310.89767807949625
-0.5895358920097351,0.0006071309908293188,2551.0,-0.8000339865684509,4325.482255935669,-0.015567566268146038,0.04407386942827642,0.5464476346969604,6.12335729598999,80,3.9841134548187256,64.94537353515625,184.9504754995111,2551.0,1000.0,46.68974685668945,-267.78399658203125,264.3518981933594,0.806374154984951,318.966796875,240.11265563964844,800000,0.8234293460845947,140.0307159423828,1000.0,313.5989807918463
-0.9420021176338196,0.0005977102555334568,2561.0,-0.9226173162460327,4381.833038806915,-0.01546611450612545,0.04407386942827642,0.5465327501296997,6.494472980499268,81,6.256515979766846,69.57675170898438,184.85414501793676,2561.0,907.0,48.99001693725586,-263.7247009277344,257.17730712890625,0.19139888882637024,318.34210205078125,233.857421875,810000,0.8240527510643005,106.8869400024414,907.0,315.9160484185865
-0.3905959725379944,0.00057249452220276,2574.0,-0.38657432794570923,4442.336743116379,-0.015799233689904213,0.04151957869412384,0.5460242629051208,3.977485179901123,82,4.699577808380127,62.524166107177734,184.58753746451814,2574.0,729.2,45.223854064941406,-260.5776672363281,259.8278503417969,0.18629814684391022,317.66473388671875,235.27816772460938,820000,0.8228192925453186,152.39971923828125,729.2,318.31895881895883
-0.3880847096443176,0.0005592600791715086,2585.0,-0.6053121089935303,4499.251361608505,-0.01615111157298088,0.04151957869412384,0.546239972114563,5.126458168029785,83,2.9714176654815674,57.85074234008789,184.4751344817665,2585.0,918.1,51.8075065612793,-253.75277709960938,251.37677001953125,0.18549685180187225,316.92041015625,231.4055633544922,830000,0.8230099081993103,136.5314483642578,918.1,320.9029013539652
-1.5731844902038574,0.0005106020835228264,2602.0,-0.7150927782058716,4552.450888156891,-0.016303297132253647,0.042354122225875736,0.5462420582771301,5.78926420211792,84,10.226887702941895,63.71392822265625,184.51599383207912,2602.0,558.8,49.65186309814453,-248.20663452148438,245.93792724609375,0.201477512717247,316.0993957519531,220.90225219726562,840000,0.8221644759178162,120.3196029663086,558.8,322.5196003074558
-0.6658610701560974,0.0005067262100055814,2614.0,-0.7181119918823242,4604.794520616531,-0.01613246463239193,0.04407386942827642,0.5462396144866943,5.007213115692139,85,4.8437395095825195,62.982887268066406,184.5902126999131,2614.0,819.0,44.113399505615234,-244.3931427001953,242.20843505859375,0.15222399681806564,315.33367919921875,217.9431915283203,850000,0.8225762844085693,98.66365051269531,819.0,324.93726090283093
-1.2695839405059814,0.0004951182054355741,2629.0,-0.6854883432388306,4666.766685009003,-0.016151607036590576,0.05066177638540573,0.5461927056312561,5.003974914550781,86,5.697550296783447,62.1273307800293,184.28176466643757,2629.0,643.6,44.12764358520508,-241.0409393310547,238.15011596679688,0.20067759603261948,314.5364685058594,214.13458251953125,860000,0.8230777978897095,72.5499496459961,643.6,327.0950931913275
-1.5363357067108154,0.00048306825920008123,2643.0,-0.7574273347854614,4732.669837474823,-0.01616116426885128,0.05066177638540573,0.5460209846496582,5.890201091766357,87,8.051102638244629,61.117149353027344,183.82858510666776,2643.0,735.6,44.85184860229492,-238.25009155273438,235.32675170898438,0.17433540895581245,313.687255859375,211.3144073486328,870000,0.8231412768363953,69.4406509399414,735.6,328.9708664396519
-0.5934593081474304,0.00047470565186813474,2656.0,-1.2833492755889893,4786.022039175034,-0.01601133868098259,0.048684971322958605,0.5459399223327637,8.38023567199707,88,5.888786792755127,61.791500091552734,183.86877302213293,2656.0,832.4,43.34518814086914,-232.79989624023438,226.77838134765625,0.16292163357138634,312.763916015625,205.69944763183594,880000,0.822937548160553,76.85681915283203,832.4,331.1859939759036
-1.2048290967941284,0.0004613651835825294,2668.0,-1.285505771636963,4842.700895786285,-0.01575399748980999,0.04772568505338556,0.546089768409729,8.083795547485352,89,7.5537872314453125,59.57978820800781,183.78174063452974,2668.0,759.4,43.476966857910156,-228.51992797851562,220.70762634277344,0.07204921916127205,311.8666076660156,201.782958984375,890000,0.8234201073646545,83.31090545654297,759.4,333.29235382308843
-1.6061657667160034,0.0004543298564385623,2680.0,-1.1547973155975342,4900.227520465851,-0.01526553463190794,0.04966353924655007,0.5462464094161987,8.455656051635742,90,8.281502723693848,63.3812370300293,183.66494131979397,2680.0,909.1,51.07816696166992,-225.5407257080078,215.23829650878906,0.1622704155743122,310.9101867675781,195.68017578125,900000,0.8234207034111023,96.54600524902344,909.1,335.5992537313433
-0.34656956791877747,0.00044820274342782795,2691.0,-0.6861062049865723,4953.057040214539,-0.015691278502345085,0.05168007809075238,0.5463016033172607,4.606469631195068,91,4.438494682312012,54.100894927978516,183.7249182901766,2691.0,901.0,39.606224060058594,-223.92886352539062,222.01748657226562,0.43786197155714035,309.94989013671875,200.204345703125,910000,0.8238219022750854,83.7565689086914,901.0,337.9472315124489
-0.5202128887176514,0.00045735202729701996,2707.0,-0.5760259628295898,5005.6574738025665,-0.01592939719557762,0.05168007809075238,0.5468597412109375,4.571507453918457,92,4.369345664978027,54.322853088378906,183.7920402694111,2707.0,630.8,40.15437698364258,-222.0655975341797,219.10736083984375,0.22270438075065613,309.02813720703125,199.26124572753906,920000,0.824651300907135,65.5130844116211,630.8,339.81196896933875
-0.7127179503440857,0.0004468372499104589,2719.0,-0.8890496492385864,5058.492163896561,-0.015552175231277943,0.04966353924655007,0.5468485355377197,6.383997917175293,93,4.1399006843566895,55.65888977050781,183.84925188529309,2719.0,770.6,40.13255310058594,-218.6134796142578,214.70880126953125,0.21127330511808395,308.0943908691406,195.36593627929688,930000,0.8249103426933289,72.00357818603516,770.6,341.88194189040087
-1.2263247966766357,0.00044116831850260496,2734.0,-0.9386529922485352,5111.425835132599,-0.015618611127138138,0.0527188476603765,0.5467430353164673,7.105945110321045,94,8.509949684143066,53.584266662597656,183.90171946525265,2734.0,727.6,38.659183502197266,-214.79525756835938,212.02911376953125,0.22599735110998154,307.0955505371094,192.61541748046875,940000,0.824491024017334,76.16178894042969,727.6,343.79188002926116
-0.7633554935455322,0.0004232943756505847,2747.0,-0.9812353849411011,5165.796050786972,-0.015433212742209435,0.05377849649835007,0.5468305349349976,7.045255184173584,95,5.662937641143799,49.628265380859375,183.90195638003834,2747.0,734.8,38.03220748901367,-212.8812713623047,205.4227752685547,0.484610840678215,306.06072998046875,190.5823974609375,950000,0.8244680166244507,82.94282531738281,734.8,345.61048416454315
-1.4468636512756348,0.0003275773487985134,2773.0,-1.1023588180541992,5218.57203578949,-0.015767518430948257,0.05168007809075238,0.5469130277633667,7.804323673248291,96,10.178778648376465,53.98427963256836,183.9583689592141,2773.0,558.7,39.133567810058594,-210.06253051757812,206.6441650390625,0.21582070738077164,305.01800537109375,186.80902099609375,960000,0.824292004108429,80.2793197631836,558.7,345.90299314821493
-1.4069970846176147,0.0003191213763784617,2785.0,-1.2616832256317139,5271.285996198654,-0.0161014124751091,0.05066177638540573,0.5470787286758423,8.954933166503906,97,6.750211238861084,57.664146423339844,184.01581714585544,2785.0,880.5,43.22287368774414,-206.3376007080078,200.9757080078125,0.596317283809185,304.0262451171875,181.31072998046875,970000,0.8246319890022278,68.50370788574219,880.5,348.2922800718133
-1.346545934677124,0.00030043424339964986,2801.0,-0.7230541706085205,5328.452986240387,-0.01606142520904541,0.0527188476603765,0.5471631288528442,6.211633205413818,98,8.483244895935059,49.479591369628906,183.9182972113378,2801.0,642.0,36.85835266113281,-204.4222412109375,200.77517700195312,0.11109950393438339,303.0541076660156,183.322265625,980000,0.8256201148033142,63.563194274902344,642.0,349.76115672973935
-0.7913335561752319,0.000297268241411075,2812.0,-1.2511961460113525,5381.864349365234,-0.01616041734814644,0.0527188476603765,0.547138512134552,8.571956634521484,99,5.964319229125977,53.19497299194336,183.95112469097552,2812.0,912.6,41.199684143066406,-202.83328247070312,198.66015625,0.3056759834289551,302.0743408203125,179.99929809570312,990000,0.8256905674934387,49.54056167602539,912.6,351.99395448079656
-2.2646660804748535,0.0002955362433567643,2822.0,-1.342915415763855,5434.719181776047,-0.016629831865429878,0.048684971322958605,0.5470738410949707,9.016319274902344,100,11.454019546508789,51.12676239013672,184.00214740685158,2822.0,1000.0,35.88330841064453,-199.5757293701172,196.55007934570312,0.16964559257030487,301.089599609375,177.3446044921875,1000000,0.8259293437004089,47.24269104003906,1000.0,354.2902197023388
