#{"t_start": 1530994045.1765893, "env_id": "InvertedPendulum-v2"}
r,l,t
3.0,3,6.313076
2.0,2,6.319069
3.0,3,6.327066
3.0,3,6.334062
3.0,3,6.340058
3.0,3,6.347054
3.0,3,6.354052
5.0,5,6.365044
3.0,3,6.373039
18.0,18,6.403021
4.0,4,6.411019
3.0,3,6.417015
3.0,3,6.42401
2.0,2,6.430021
4.0,4,6.439001
3.0,3,6.446
3.0,3,6.453012
3.0,3,6.46099
3.0,3,6.466989
3.0,3,6.474981
2.0,2,6.47998
3.0,3,6.488977
6.0,6,6.499969
3.0,3,6.509961
3.0,3,6.516958
3.0,3,6.523956
3.0,3,6.529951
3.0,3,6.536946
5.0,5,6.546939
2.0,2,6.551955
3.0,3,6.559932
2.0,2,6.564929
2.0,2,6.569926
2.0,2,6.576925
2.0,2,6.58092
3.0,3,6.588917
3.0,3,6.595912
3.0,3,6.60291
3.0,3,6.609907
2.0,2,6.614902
3.0,3,6.620901
2.0,2,6.626894
3.0,3,6.632908
2.0,2,6.63889
3.0,3,6.645883
3.0,3,6.652879
3.0,3,6.660874
2.0,2,6.665872
2.0,2,6.670869
5.0,5,6.680881
3.0,3,6.68786
2.0,2,6.693856
2.0,2,6.698854
3.0,3,6.70585
3.0,3,6.712845
2.0,2,6.717856
4.0,4,6.726837
3.0,3,6.732851
2.0,2,6.738831
21.0,21,6.769813
2.0,2,6.776816
3.0,3,6.782805
2.0,2,6.787817
5.0,5,6.798797
2.0,2,6.803811
3.0,3,6.810805
7.0,7,6.822782
19.0,19,6.853765
28.0,28,6.898742
3.0,3,6.904752
3.0,3,6.912734
3.0,3,6.918727
32.0,32,6.970698
4.0,4,6.979694
3.0,3,6.986689
7.0,7,7.000696
2.0,2,7.00568
3.0,3,7.012675
3.0,3,7.05565
6.0,6,7.083634
4.0,4,7.097626
7.0,7,7.128608
9.0,9,7.145598
3.0,3,7.151597
3.0,3,7.161588
3.0,3,7.168586
4.0,4,7.17758
14.0,14,7.209561
2.0,2,7.215558
6.0,6,7.234548
3.0,3,7.242544
7.0,7,7.257534
5.0,5,7.265529
2.0,2,7.271527
15.0,15,7.296512
9.0,9,7.311504
3.0,3,7.318499
4.0,4,7.326495
2.0,2,7.331492
6.0,6,7.342486
2.0,2,7.347482
21.0,21,7.378464
3.0,3,7.384463
4.0,4,7.394456
2.0,2,7.399453
5.0,5,7.409447
3.0,3,7.418442
3.0,3,7.430435
4.0,4,7.44143
9.0,9,7.45942
3.0,3,7.466416
2.0,2,7.471415
3.0,3,7.479408
3.0,3,7.484405
5.0,5,7.496398
3.0,3,7.502394
3.0,3,7.511393
10.0,10,7.52738
3.0,3,7.533395
2.0,2,7.541371
13.0,13,7.563372
3.0,3,7.569358
2.0,2,7.576352
4.0,4,7.588346
6.0,6,7.60334
3.0,3,7.611332
3.0,3,7.624326
4.0,4,7.643326
2.0,2,7.650309
3.0,3,7.660304
3.0,3,7.6673
2.0,2,7.6753
4.0,4,7.684292
3.0,3,7.693286
3.0,3,7.699283
3.0,3,7.707278
19.0,19,7.735263
23.0,23,7.800224
3.0,3,7.809219
3.0,3,7.825211
2.0,2,7.831207
20.0,20,7.880179
3.0,3,7.891173
2.0,2,7.902166
3.0,3,7.911162
5.0,5,7.920157
9.0,9,7.936146
3.0,3,7.944142
2.0,2,7.94914
2.0,2,7.954138
3.0,3,7.962132
3.0,3,7.971127
75.0,75,8.099053
22.0,22,8.132035
3.0,3,8.140032
12.0,12,8.15802
2.0,2,8.163017
3.0,3,8.169015
3.0,3,8.176012
3.0,3,8.182007
3.0,3,8.190012
3.0,3,8.196998
2.0,2,8.200994
3.0,3,8.208009
3.0,3,8.214987
6.0,6,8.225996
3.0,3,8.232977
3.0,3,8.243987
2.0,2,8.249967
4.0,4,8.260963
3.0,3,8.267957
2.0,2,8.275952
2.0,2,8.280951
3.0,3,8.288945
24.0,24,8.341915
3.0,3,8.348912
11.0,11,8.3689
2.0,2,8.374896
3.0,3,8.380894
2.0,2,8.385895
3.0,3,8.393885
2.0,2,8.398882
3.0,3,8.404881
16.0,16,8.430867
3.0,3,8.438859
3.0,3,8.445857
2.0,2,8.453852
3.0,3,8.462849
4.0,4,8.47384
2.0,2,8.48983
4.0,4,8.499826
36.0,36,13.478846
2.0,2,13.487829
3.0,3,13.493825
2.0,2,13.498823
2.0,2,13.505818
3.0,3,13.512814
15.0,15,13.538799
3.0,3,13.545796
3.0,3,13.554792
3.0,3,13.561786
3.0,3,13.572779
2.0,2,13.579775
4.0,4,13.588771
3.0,3,13.605761
3.0,3,13.615755
3.0,3,13.62475
3.0,3,13.635745
3.0,3,13.642743
2.0,2,13.650736
4.0,4,13.657733
3.0,3,13.665745
19.0,19,13.722695
3.0,3,13.73069
2.0,2,13.738686
2.0,2,13.746681
3.0,3,13.764671
3.0,3,13.776663
3.0,3,13.791655
3.0,3,13.811644
3.0,3,13.823637
2.0,2,13.830632
3.0,3,13.85262
5.0,5,13.864613
3.0,3,13.875607
2.0,2,13.887601
3.0,3,13.894596
49.0,49,14.029519
3.0,3,14.039515
2.0,2,14.04651
2.0,2,14.058503
3.0,3,14.066507
4.0,4,14.077492
3.0,3,14.091485
25.0,25,14.158447
3.0,3,14.17144
3.0,3,14.183431
3.0,3,14.198435
2.0,2,14.206418
2.0,2,14.213414
3.0,3,14.22241
3.0,3,14.229405
13.0,13,14.25439
3.0,3,14.261386
3.0,3,14.271381
6.0,6,14.284374
3.0,3,14.290372
2.0,2,14.296368
8.0,8,14.314357
3.0,3,14.322352
4.0,4,14.333345
4.0,4,14.34234
13.0,13,14.370325
4.0,4,14.379323
3.0,3,14.386315
4.0,4,14.396309
2.0,2,14.403306
3.0,3,14.4133
3.0,3,14.426293
2.0,2,14.433289
3.0,3,14.441284
3.0,3,14.448292
3.0,3,14.456277
2.0,2,14.463271
3.0,3,14.470268
3.0,3,14.477264
6.0,6,14.490255
2.0,2,14.495253
3.0,3,14.504248
2.0,2,14.509245
3.0,3,14.516241
5.0,5,14.526235
2.0,2,14.533231
3.0,3,14.540227
3.0,3,14.547222
3.0,3,14.559217
61.0,61,14.66216
2.0,2,14.667154
5.0,5,14.679149
3.0,3,14.687145
21.0,21,14.724122
2.0,2,14.731122
4.0,4,14.739114
3.0,3,14.747112
3.0,3,14.754123
3.0,3,14.763103
3.0,3,14.769099
3.0,3,14.776097
2.0,2,14.782089
4.0,4,14.790084
16.0,16,14.814098
3.0,3,14.821068
3.0,3,14.827064
80.0,80,14.946263
2.0,2,14.951244
3.0,3,14.958251
2.0,2,14.964239
2.0,2,14.969233
2.0,2,14.974129
3.0,3,14.982137
2.0,2,14.987137
3.0,3,14.993912
3.0,3,15.000923
2.0,2,15.005907
3.0,3,15.012919
2.0,2,15.018898
2.0,2,15.023894
27.0,27,15.122838
10.0,10,15.165814
3.0,3,15.178807
3.0,3,15.1908
3.0,3,15.20779
6.0,6,15.244769
3.0,3,15.260759
2.0,2,15.273752
3.0,3,15.286745
3.0,3,15.306733
2.0,2,15.316726
4.0,4,15.330719
5.0,5,15.345711
3.0,3,15.356704
2.0,2,15.364699
2.0,2,15.372695
57.0,57,15.498623
3.0,3,15.505619
2.0,2,15.511615
3.0,3,15.519611
2.0,2,15.524608
3.0,3,15.530607
2.0,2,15.5396
2.0,2,15.547595
50.0,50,15.661531
3.0,3,15.668527
2.0,2,15.673523
2.0,2,15.705507
3.0,3,15.725495
2.0,2,15.736489
2.0,2,15.743484
4.0,4,15.762473
5.0,5,15.777466
3.0,3,15.808446
2.0,2,15.816442
2.0,2,15.826437
2.0,2,15.845427
3.0,3,15.866414
3.0,3,15.875408
3.0,3,15.883404
33.0,33,15.96036
3.0,3,15.989344
2.0,2,16.016328
3.0,3,16.033318
3.0,3,16.056306
3.0,3,16.081307
2.0,2,16.089285
3.0,3,16.095283
3.0,3,16.104277
2.0,2,16.111273
3.0,3,16.124266
4.0,4,16.133261
3.0,3,16.138258
3.0,3,16.144254
8.0,8,16.155248
5.0,5,16.172239
3.0,3,16.181251
3.0,3,16.18723
3.0,3,16.194227
2.0,2,16.200223
3.0,3,16.20622
3.0,3,16.22221
13.0,13,16.261188
3.0,3,16.269183
2.0,2,16.276181
3.0,3,16.285175
7.0,7,20.187143
2.0,2,20.19213
3.0,3,20.199126
2.0,2,20.204123
2.0,2,20.211118
9.0,9,20.223111
26.0,26,20.26109
3.0,3,20.267087
14.0,14,20.294071
4.0,4,20.302067
35.0,35,20.35204
43.0,43,20.415002
3.0,3,20.422017
2.0,2,20.42901
2.0,2,20.435024
10.0,10,20.453017
3.0,3,20.462011
3.0,3,20.470007
5.0,5,20.482002
2.0,2,20.487997
3.0,3,20.494992
2.0,2,20.504987
3.0,3,20.512983
2.0,2,20.517998
68.0,68,20.620939
3.0,3,20.627936
4.0,4,20.64091
3.0,3,20.646925
3.0,3,20.653902
3.0,3,20.660898
3.0,3,20.666913
3.0,3,20.673908
3.0,3,20.679904
3.0,3,20.686886
2.0,2,20.691884
2.0,2,20.697895
2.0,2,20.702893
3.0,3,20.709886
50.0,50,20.785828
3.0,3,20.792824
10.0,10,20.809831
38.0,38,20.866785
3.0,3,20.872793
20.0,20,20.909756
10.0,10,20.926747
2.0,2,20.931749
4.0,4,20.939754
3.0,3,20.946736
7.0,7,20.959743
43.0,43,21.024709
2.0,2,21.029707
14.0,14,21.052692
3.0,3,21.059675
27.0,27,21.105644
2.0,2,21.111642
4.0,4,21.118639
3.0,3,21.125634
5.0,5,21.13563
3.0,3,21.141627
44.0,44,21.204588
3.0,3,21.210586
3.0,3,21.21758
14.0,14,21.241567
41.0,41,21.302532
58.0,58,21.388483
27.0,27,21.427477
35.0,35,21.480431
3.0,3,21.486445
52.0,52,21.562401
3.0,3,21.568383
2.0,2,21.574381
5.0,5,21.583375
3.0,3,21.589371
4.0,4,21.598366
102.0,102,21.759272
3.0,3,21.766269
17.0,17,21.792253
5.0,5,21.808244
7.0,7,21.828233
3.0,3,21.835231
11.0,11,21.860214
16.0,16,26.133775
40.0,40,26.213728
48.0,48,26.291684
3.0,3,26.301678
5.0,5,26.318669
95.0,95,26.456607
19.0,19,26.484576
78.0,78,26.594515
57.0,57,26.678463
4.0,4,26.686473
3.0,3,26.694469
3.0,3,26.701454
3.0,3,26.707447
6.0,6,26.71844
11.0,11,26.734435
42.0,42,26.801393
5.0,5,26.81239
3.0,3,26.818388
55.0,55,26.902336
14.0,14,26.925323
3.0,3,26.932322
3.0,3,26.93933
3.0,3,26.946326
10.0,10,26.961304
7.0,7,26.975295
2.0,2,26.979291
14.0,14,27.000279
3.0,3,27.007292
2.0,2,27.013273
14.0,14,27.03526
2.0,2,27.040257
18.0,18,27.07124
2.0,2,27.083234
7.0,7,27.107218
3.0,3,27.113216
3.0,3,27.12321
4.0,4,27.130207
3.0,3,27.137202
3.0,3,27.143199
14.0,14,27.171185
23.0,23,27.215158
10.0,10,27.230148
3.0,3,27.237145
3.0,3,27.243143
3.0,3,27.250138
5.0,5,27.260132
2.0,2,27.264129
40.0,40,27.320099
47.0,47,27.392075
2.0,2,27.397053
15.0,15,27.42004
5.0,5,27.429034
12.0,12,27.448024
5.0,5,27.458037
5.0,5,27.467013
4.0,4,27.476027
5.0,5,27.485021
8.0,8,27.500994
10.0,10,27.517984
3.0,3,27.52498
7.0,7,27.536976
3.0,3,27.550969
2.0,2,27.564958
2.0,2,27.573953
3.0,3,27.581948
13.0,13,27.611931
8.0,8,27.625923
44.0,44,27.687887
3.0,3,27.694885
6.0,6,27.704878
1000.0,1000,32.756174
31.0,31,32.800147
3.0,3,32.807144
2.0,2,32.813141
102.0,102,36.571014
96.0,96,36.720913
5.0,5,36.730908
32.0,32,36.774879
2.0,2,36.779876
3.0,3,36.786876
3.0,3,36.792873
3.0,3,36.798868
41.0,41,36.858835
5.0,5,36.868826
85.0,85,37.020739
3.0,3,37.026735
2.0,2,37.033731
4.0,4,37.041727
2.0,2,37.046725
3.0,3,37.053721
46.0,46,37.118683
51.0,51,37.210631
4.0,4,37.218628
53.0,53,37.294582
10.0,10,37.317569
78.0,78,37.440503
7.0,7,37.454492
28.0,28,37.498467
6.0,6,37.50946
3.0,3,37.515475
3.0,3,37.522453
37.0,37,37.582419
60.0,60,37.672366
29.0,29,37.714343
10.0,10,37.730335
6.0,6,37.741328
3.0,3,37.747324
24.0,24,37.784321
3.0,3,37.790299
7.0,7,37.801294
30.0,30,37.846268
3.0,3,37.85328
3.0,3,37.859261
6.0,6,37.870254
34.0,34,37.920228
11.0,11,37.942216
3.0,3,37.950209
2.0,2,37.956207
3.0,3,37.963201
2.0,2,37.969198
3.0,3,37.975194
1000.0,1000,43.670943
3.0,3,43.677941
2.0,2,43.682938
3.0,3,43.69293
135.0,135,47.59305
10.0,10,47.610025
3.0,3,47.61702
44.0,44,47.685984
5.0,5,47.695992
2.0,2,47.700987
16.0,16,47.726961
388.0,388,48.456544
3.0,3,48.462544
31.0,31,48.531499
2.0,2,48.540493
3.0,3,48.561482
3.0,3,48.580473
2.0,2,48.587466
97.0,97,48.803344
2.0,2,48.81034
4.0,4,48.824331
3.0,3,48.832328
8.0,8,48.849319
243.0,243,49.559911
3.0,3,49.570905
3.0,3,49.5789
41.0,41,49.653858
3.0,3,49.663852
3.0,3,49.670848
6.0,6,49.682841
25.0,25,57.737244
2.0,2,57.746238
36.0,36,57.827192
60.0,60,57.976108
2.0,2,57.986101
3.0,3,57.997096
24.0,24,58.14701
6.0,6,58.182989
50.0,50,58.389871
10.0,10,58.421852
2.0,2,58.428848
4.0,4,58.436843
3.0,3,58.447838
3.0,3,58.457833
12.0,12,58.480819
3.0,3,58.487814
5.0,5,58.503807
3.0,3,58.510802
14.0,14,58.532789
7.0,7,58.544783
13.0,13,58.602751
59.0,59,58.722682
3.0,3,58.733676
8.0,8,58.775651
2.0,2,58.784647
4.0,4,58.797638
2.0,2,58.807634
8.0,8,58.838616
6.0,6,58.868598
29.0,29,58.936558
10.0,10,58.964544
83.0,83,59.102464
4.0,4,59.112458
5.0,5,59.122452
3.0,3,59.130448
6.0,6,59.14644
2.0,2,59.151436
39.0,39,59.253378
3.0,3,59.262373
4.0,4,59.272368
6.0,6,59.28536
6.0,6,59.299351
64.0,64,59.419283
3.0,3,59.42628
4.0,4,59.434276
4.0,4,59.44327
33.0,33,59.494242
47.0,47,59.569199
3.0,3,59.578193
25.0,25,59.619169
3.0,3,59.628164
1000.0,1000,65.268946
4.0,4,65.276939
3.0,3,65.281938
36.0,36,65.328909
29.0,29,65.369885
37.0,37,65.415861
2.0,2,65.419859
3.0,3,65.425856
5.0,5,65.43385
4.0,4,65.441846
11.0,11,65.459836
3.0,3,65.466831
3.0,3,65.473829
2.0,2,65.478827
5.0,5,65.488822
3.0,3,65.493819
29.0,29,65.535791
2.0,2,65.540788
4.0,4,65.548793
22.0,22,65.578786
2.0,2,65.583782
2.0,2,65.589761
4.0,4,65.597756
5.0,5,65.606751
1000.0,1000,71.229216
3.0,3,71.236227
3.0,3,71.24221
11.0,11,71.260215
90.0,90,74.962145
20.0,20,74.998123
17.0,17,75.024109
3.0,3,75.031104
3.0,3,75.0371
4.0,4,75.044098
3.0,3,75.053091
4.0,4,75.060089
2.0,2,75.065082
3.0,3,75.071081
8.0,8,75.08707
3.0,3,75.095068
2.0,2,75.102061
10.0,10,75.119054
3.0,3,75.126051
8.0,8,75.140043
3.0,3,75.146038
119.0,119,75.312698
4.0,4,75.320706
3.0,3,75.32669
3.0,3,75.333702
2.0,2,75.339699
4.0,4,75.347691
3.0,3,75.353675
3.0,3,75.359673
3.0,3,75.36668
3.0,3,75.372665
9.0,9,75.387656
2.0,2,75.392652
2.0,2,75.396655
3.0,3,75.40366
2.0,2,75.408645
4.0,4,75.417636
2.0,2,75.422633
34.0,34,75.477465
2.0,2,75.483449
35.0,35,75.542845
2.0,2,75.548824
31.0,31,75.593798
4.0,4,75.602796
4.0,4,75.610806
37.0,37,75.667756
4.0,4,75.67577
3.0,3,75.682751
94.0,94,75.818688
3.0,3,75.825684
3.0,3,75.833662
3.0,3,75.84066
3.0,3,75.847655
24.0,24,75.882633
36.0,36,75.936606
40.0,40,75.992573
9.0,9,76.006563
3.0,3,76.013559
3.0,3,76.019557
2.0,2,76.025555
3.0,3,76.034562
3.0,3,76.040545
3.0,3,76.04754
4.0,4,76.055536
53.0,53,76.131492
4.0,4,76.139489
2.0,2,76.144503
3.0,3,76.151498
4.0,4,76.159494
2.0,2,76.165474
3.0,3,76.171471
2.0,2,76.176469
3.0,3,76.183478
3.0,3,76.189461
3.0,3,76.195472
3.0,3,76.201454
3.0,3,76.207463
45.0,45,76.274426
3.0,3,76.280407
3.0,3,76.287404
3.0,3,76.294401
11.0,11,76.313389
2.0,2,76.318388
3.0,3,76.324948
3.0,3,76.331948
3.0,3,76.338943
3.0,3,76.34494
12.0,12,76.365636
4.0,4,76.373636
3.0,3,76.38163
3.0,3,76.387645
30.0,30,76.433601
2.0,2,76.438598
2.0,2,76.443595
3.0,3,76.449591
2.0,2,76.454588
5.0,5,76.462584
4.0,4,76.46958
4.0,4,76.476576
3.0,3,76.483572
84.0,84,80.33616
4.0,4,80.344168
59.0,59,80.434101
102.0,102,80.587017
3.0,3,80.594026
2.0,2,80.600024
4.0,4,80.609017
2.0,2,80.614002
3.0,3,80.619996
3.0,3,80.626993
3.0,3,80.632988
19.0,19,80.662973
3.0,3,80.669967
4.0,4,80.677964
6.0,6,80.689954
3.0,3,80.695953
3.0,3,80.702948
5.0,5,80.712944
45.0,45,80.803236
3.0,3,80.813232
7.0,7,80.830222
41.0,41,80.910177
3.0,3,80.919172
12.0,12,80.938161
3.0,3,80.945156
3.0,3,80.952153
38.0,38,81.007122
222.0,222,81.347942
3.0,3,81.35494
3.0,3,81.362917
69.0,69,81.46488
3.0,3,81.471874
3.0,3,81.478868
3.0,3,81.485865
2.0,2,81.491846
2.0,2,81.496857
3.0,3,81.50284
9.0,9,81.518847
2.0,2,81.524841
3.0,3,81.531824
4.0,4,81.53882
18.0,18,81.5688
3.0,3,81.576811
3.0,3,81.583792
4.0,4,81.591789
2.0,2,81.596784
19.0,19,81.628766
47.0,47,81.699727
3.0,3,81.706722
63.0,63,81.799667
57.0,57,85.528054
14.0,14,85.551056
3.0,3,85.558052
2.0,2,85.563048
9.0,9,85.581039
2.0,2,85.587023
3.0,3,85.593016
23.0,23,85.631011
3.0,3,85.637989
3.0,3,85.645001
4.0,4,85.652998
7.0,7,85.665976
4.0,4,85.674804
286.0,286,86.112723
12.0,12,86.132711
18.0,18,86.16068
3.0,3,86.166674
3.0,3,86.173686
6.0,6,86.183664
3.0,3,86.190679
3.0,3,86.197657
4.0,4,86.206654
3.0,3,86.212651
3.0,3,86.219648
19.0,19,86.249627
3.0,3,86.256639
35.0,35,86.306594
11.0,11,86.325588
3.0,3,86.332583
4.0,4,86.339576
69.0,69,86.436522
49.0,49,86.509483
3.0,3,86.515479
3.0,3,86.522488
3.0,3,86.528468
3.0,3,86.535464
3.0,3,86.541464
68.0,68,86.644404
5.0,5,86.653397
2.0,2,86.658396
3.0,3,86.664393
4.0,4,86.6734
4.0,4,86.681399
18.0,18,86.709381
97.0,97,86.852793
19.0,19,86.883778
5.0,5,86.893773
45.0,45,86.958733
3.0,3,86.964747
3.0,3,86.971727
3.0,3,86.977724
6.0,6,86.987716
54.0,54,87.067688
3.0,3,87.075666
4.0,4,87.083677
3.0,3,87.089658
3.0,3,87.095658
130.0,130,90.831631
3.0,3,90.838626
161.0,161,91.07251
3.0,3,91.079505
56.0,56,91.163452
47.0,47,91.237398
62.0,62,91.329129
3.0,3,91.337142
89.0,89,91.474612
2.0,2,91.480608
330.0,330,91.95432
2.0,2,91.959333
60.0,60,92.047285
10.0,10,92.063257
23.0,23,92.099256
1000.0,1000,97.141142
12.0,12,97.161117
3.0,3,97.167111
3.0,3,97.174109
42.0,42,100.825285
159.0,159,101.06015
3.0,3,101.066146
3.0,3,101.073143
2.0,2,101.078141
47.0,47,101.1471
8.0,8,101.161093
3.0,3,101.16709
3.0,3,101.173086
33.0,33,101.223059
2.0,2,101.228054
4.0,4,101.236051
3.0,3,101.243045
4.0,4,101.250043
6.0,6,101.261034
2.0,2,101.266037
64.0,64,101.35798
35.0,35,101.408137
66.0,66,101.508079
68.0,68,101.61402
4.0,4,101.622017
141.0,141,101.835593
62.0,62,101.931544
5.0,5,101.940551
2.0,2,101.94555
21.0,21,101.978513
3.0,3,101.985526
4.0,4,101.994504
3.0,3,102.0005
2.0,2,102.005497
3.0,3,102.013494
2.0,2,102.019493
23.0,23,102.053473
4.0,4,102.061465
6.0,6,102.072459
3.0,3,102.078456
3.0,3,102.085453
6.0,6,102.096446
4.0,4,102.104441
3.0,3,102.111439
6.0,6,102.121431
4.0,4,102.130444
3.0,3,102.137439
22.0,22,102.170403
4.0,4,102.178401
104.0,104,102.330312
3.0,3,102.337311
2.0,2,102.343307
42.0,42,105.956105
3.0,3,105.963117
4.0,4,105.971096
32.0,32,106.018071
35.0,35,106.073285
3.0,3,106.079281
3.0,3,106.08628
2.0,2,106.09129
3.0,3,106.09827
7.0,7,106.112262
3.0,3,106.117273
1000.0,1000,111.14901
28.0,28,111.189987
11.0,11,111.207981
6.0,6,111.21897
2.0,2,111.223967
20.0,20,111.25495
90.0,90,111.389873
3.0,3,111.39587
7.0,7,111.407861
233.0,233,111.745858
4.0,4,111.754853
4.0,4,111.762977
4.0,4,111.770989
38.0,38,111.830323
3.0,3,111.837
3.0,3,111.844012
18.0,18,111.870984
3.0,3,111.876978
109.0,109,112.033905
4.0,4,112.040887
4.0,4,112.049878
3.0,3,112.056877
3.0,3,112.062889
8.0,8,112.076865
59.0,59,112.164814
14.0,14,112.1858
3.0,3,112.192797
3.0,3,112.198796
106.0,106,112.342711
3.0,3,112.349708
23.0,23,112.385378
4.0,4,112.392356
12.0,12,112.411346
3.0,3,112.418342
3.0,3,112.424338
3.0,3,112.430334
8.0,8,112.443345
3.0,3,112.450324
3.0,3,112.45632
19.0,19,116.03951
4.0,4,116.046506
43.0,43,116.106473
3.0,3,116.113468
31.0,31,116.155445
3.0,3,116.162441
4.0,4,116.169436
5.0,5,116.17943
80.0,80,116.293365
18.0,18,116.324348
87.0,87,116.458993
2.0,2,116.463002
21.0,21,116.495971
3.0,3,116.502968
32.0,32,116.553196
5.0,5,116.563188
4.0,4,116.571184
185.0,185,116.861018
3.0,3,116.868001
47.0,47,116.94196
2.0,2,116.946971
3.0,3,116.954952
7.0,7,116.967945
58.0,58,117.055323
34.0,34,117.105277
3.0,3,117.112273
78.0,78,117.22221
3.0,3,117.229208
3.0,3,117.236202
106.0,106,117.386122
3.0,3,117.394112
53.0,53,117.467071
13.0,13,117.489076
27.0,27,117.530034
3.0,3,117.536033
67.0,67,121.292628
49.0,49,121.364591
3.0,3,121.3716
5.0,5,121.381581
2.0,2,121.386591
2.0,2,121.391574
45.0,45,121.45885
5.0,5,121.466832
3.0,3,121.473827
3.0,3,121.480822
70.0,70,121.585779
3.0,3,121.592758
68.0,68,121.694701
27.0,27,121.738675
4.0,4,121.748671
10.0,10,121.76566
15.0,15,121.789646
4.0,4,121.796641
3.0,3,121.801639
271.0,271,122.192431
1000.0,1000,127.18251
4.0,4,127.191504
2.0,2,127.196501
3.0,3,127.203497
65.0,65,127.305904
21.0,21,127.340886
24.0,24,127.380864
3.0,3,127.389854
3.0,3,127.400852
3.0,3,127.412858
5.0,5,127.428849
4.0,4,127.440826
4.0,4,127.45282
92.0,92,127.594738
41.0,41,127.655703
45.0,45,127.721667
3.0,3,127.729661
119.0,119,131.533466
5.0,5,131.543463
3.0,3,131.550457
65.0,65,131.652174
68.0,68,131.759111
53.0,53,131.839065
3.0,3,131.846061
4.0,4,131.855058
3.0,3,131.861069
49.0,49,131.93303
235.0,235,132.272578
7.0,7,132.285567
3.0,3,132.292562
79.0,79,132.40851
25.0,25,132.447477
3.0,3,132.45447
35.0,35,132.50546
3.0,3,132.512455
3.0,3,132.518434
30.0,30,132.564407
61.0,61,132.654359
58.0,58,132.739326
50.0,50,132.814264
60.0,60,132.898217
26.0,26,136.645078
3.0,3,136.651074
52.0,52,136.72441
4.0,4,136.733405
35.0,35,136.786913
5.0,5,136.796906
33.0,33,136.846861
3.0,3,136.852875
39.0,39,136.910824
3.0,3,136.916821
4.0,4,136.92482
127.0,127,137.105714
3.0,3,137.112709
34.0,34,137.16767
2.0,2,137.172683
3.0,3,137.179673
12.0,12,137.200651
29.0,29,137.246624
3.0,3,137.253623
3.0,3,137.260618
264.0,264,137.65181
2.0,2,137.657807
4.0,4,137.664801
3.0,3,137.671785
3.0,3,137.678795
3.0,3,137.685773
6.0,6,137.697784
67.0,67,137.804771
3.0,3,137.811822
7.0,7,137.8237
3.0,3,137.831697
3.0,3,137.837711
3.0,3,137.84569
2.0,2,137.849686
181.0,181,138.111551
3.0,3,138.118532
5.0,5,138.128542
3.0,3,138.134541
40.0,40,141.747007
4.0,4,141.755002
29.0,29,141.798995
4.0,4,141.807972
23.0,23,141.843953
80.0,80,141.963885
3.0,3,141.969898
36.0,36,142.021868
60.0,60,142.114804
2.0,2,142.120795
59.0,59,142.208406
11.0,11,142.225015
58.0,58,142.316974
55.0,55,142.402911
4.0,4,142.410905
3.0,3,142.417901
1000.0,1000,147.486754
5.0,5,147.495767
19.0,19,147.525731
10.0,10,147.541741
3.0,3,147.547736
3.0,3,147.554717
33.0,33,147.604687
15.0,15,147.626674
2.0,2,147.631672
46.0,46,147.701631
3.0,3,147.707628
11.0,11,147.725618
192.0,192,148.01447
40.0,40,148.075422
26.0,26,148.114398
50.0,50,148.18637
5.0,5,148.195352
8.0,8,148.209342
3.0,3,148.215338
64.0,64,148.306306
3.0,3,148.313282
2.0,2,148.318279
3.0,3,148.325276
5.0,5,148.335273
3.0,3,148.341269
129.0,129,152.088548
6.0,6,152.099525
45.0,45,152.169326
49.0,49,152.244888
61.0,61,152.340925
14.0,14,152.365922
53.0,53,152.448876
3.0,3,152.454855
28.0,28,152.498833
6.0,6,152.509834
30.0,30,152.556815
87.0,87,152.692723
3.0,3,152.698734
51.0,51,152.778689
24.0,24,152.81565
3.0,3,152.821647
4.0,4,152.830645
86.0,86,152.953572
6.0,6,152.964567
1000.0,1000,158.015122
67.0,67,158.115749
207.0,207,158.424744
41.0,41,162.055738
9.0,9,162.071552
4.0,4,162.079565
1000.0,1000,167.097013
8.0,8,167.111004
23.0,23,167.148001
10.0,10,167.166972
7.0,7,167.179985
40.0,40,167.24201
51.0,51,167.321962
51.0,51,167.40192
67.0,67,167.507859
109.0,109,167.666753
18.0,18,167.694737
79.0,79,167.80767
88.0,88,167.930695
39.0,39,167.987658
3.0,3,167.993671
4.0,4,168.001654
4.0,4,168.009664
4.0,4,168.017644
4.0,4,168.025653
42.0,42,168.089599
4.0,4,168.096598
4.0,4,168.104594
279.0,279,168.508452
3.0,3,168.515465
6.0,6,168.526362
54.0,54,172.215213
48.0,48,172.286173
49.0,49,172.359148
21.0,21,172.393112
22.0,22,172.427092
3.0,3,172.433104
52.0,52,172.508064
3.0,3,172.515057
87.0,87,172.64397
7.0,7,172.65696
158.0,158,172.88583
51.0,51,172.95679
4.0,4,172.963786
4.0,4,172.971781
12.0,12,172.991788
75.0,75,173.099229
3.0,3,173.10621
34.0,34,173.156199
3.0,3,173.162196
39.0,39,173.218146
3.0,3,173.225141
78.0,78,173.334082
336.0,336,177.488553
3.0,3,177.49455
8.0,8,177.509541
51.0,51,177.5877
4.0,4,177.595678
47.0,47,177.667477
1000.0,1000,182.758326
4.0,4,182.766307
3.0,3,182.775304
3.0,3,182.7823
3.0,3,182.788296
3.0,3,182.795293
4.0,4,182.803287
168.0,168,183.048146
4.0,4,183.056143
3.0,3,183.063139
56.0,56,183.145094
51.0,51,183.224061
105.0,105,183.374822
49.0,49,183.445786
20.0,20,183.475765
5.0,5,183.486761
68.0,68,183.59091
3.0,3,183.597923
75.0,75,183.71284
72.0,72,183.818072
6.0,6,183.828067
9.0,9,183.844073
3.0,3,183.850051
50.0,50,183.922025
5.0,5,183.932004
44.0,44,187.587731
64.0,64,187.687674
10.0,10,187.705664
24.0,24,187.740647
21.0,21,187.773643
4.0,4,187.78162
4.0,4,187.789615
894.0,894,192.659511
13.0,13,192.682192
25.0,25,192.719173
5.0,5,192.729167
3.0,3,192.735164
39.0,39,192.79113
24.0,24,192.829724
38.0,38,192.888711
3.0,3,192.89669
71.0,71,193.00063
23.0,23,193.035612
6.0,6,193.046604
134.0,134,193.242765
18.0,18,193.269733
4.0,4,193.276727
53.0,53,193.356698
13.0,13,193.377689
6.0,6,193.387669
5.0,5,193.396663
51.0,51,193.474797
236.0,236,193.834062
5.0,5,193.844071
58.0,58,193.926005
29.0,29,193.970982
35.0,35,194.022951
1000.0,1000,199.154307
14.0,14,199.178729
11.0,11,199.196733
80.0,80,202.910196
7.0,7,202.923185
60.0,60,203.008137
105.0,105,203.171046
103.0,103,203.317963
45.0,45,203.389922
7.0,7,203.401916
43.0,43,203.467877
143.0,143,203.6754
77.0,77,203.788336
5.0,5,203.797328
3.0,3,203.803309
4.0,4,203.810306
21.0,21,203.841287
3.0,3,203.847284
3.0,3,203.854279
125.0,125,204.032809
43.0,43,204.126757
65.0,65,204.249687
81.0,81,207.922603
207.0,207,208.226289
110.0,110,208.38518
3.0,3,208.392176
6.0,6,208.402185
4.0,4,208.410166
30.0,30,208.456157
37.0,37,208.509109
47.0,47,208.575072
11.0,11,208.592062
10.0,10,208.608053
4.0,4,208.616048
4.0,4,208.624043
12.0,12,208.642034
39.0,39,208.699001
44.0,44,208.760979
48.0,48,208.829926
111.0,111,208.989835
4.0,4,208.998832
126.0,126,209.179749
98.0,98,209.320645
3.0,3,209.326644
54.0,54,213.024759
17.0,17,213.052762
6.0,6,213.063737
160.0,160,213.29161
4.0,4,213.300602
259.0,259,213.668628
48.0,48,213.743865
4.0,4,213.751875
44.0,44,213.825079
125.0,125,214.017283
23.0,23,214.053244
44.0,44,214.123205
3.0,3,214.130201
13.0,13,214.152189
4.0,4,214.160184
4.0,4,214.16918
72.0,72,214.281354
61.0,61,214.378299
239.0,239,218.312997
5.0,5,218.323005
3.0,3,218.328987
45.0,45,218.392969
5.0,5,218.402946
5.0,5,218.412941
5.0,5,218.422934
79.0,79,218.538869
5.0,5,218.54788
39.0,39,218.609844
490.0,490,219.327885
45.0,45,219.396844
4.0,4,219.403824
43.0,43,219.467586
116.0,116,223.339242
3.0,3,223.346224
12.0,12,223.365211
3.0,3,223.372208
12.0,12,223.391197
20.0,20,223.422179
12.0,12,223.441182
2.0,2,223.446181
60.0,60,223.536129
3.0,3,223.543126
71.0,71,223.654045
5.0,5,223.664057
45.0,45,223.734002
167.0,167,223.980818
3.0,3,223.98706
116.0,116,224.161609
23.0,23,224.195572
3.0,3,224.202583
6.0,6,224.212563
87.0,87,224.342488
19.0,19,224.371475
58.0,58,224.454427
50.0,50,224.526386
3.0,3,224.531382
72.0,72,224.638321
97.0,97,224.772243
111.0,111,228.488355
50.0,50,228.564312
3.0,3,228.571313
11.0,11,228.589298
6.0,6,228.60031
39.0,39,228.658258
4.0,4,228.666255
64.0,64,228.761219
3.0,3,228.769197
253.0,253,229.169968
41.0,41,229.258917
9.0,9,229.278903
145.0,145,229.498779
52.0,52,229.60672
64.0,64,229.72565
3.0,3,229.731645
99.0,99,229.875798
40.0,40,229.935306
50.0,50,233.706411
10.0,10,233.725404
315.0,315,234.191002
4.0,4,234.198998
10.0,10,234.214989
79.0,79,234.329939
4.0,4,234.336922
63.0,63,234.427869
3.0,3,234.434865
44.0,44,234.500826
40.0,40,234.557795
4.0,4,234.566788
4.0,4,234.574784
223.0,223,234.910593
73.0,73,235.015532
5.0,5,235.025526
3.0,3,235.032521
3.0,3,235.039519
4.0,4,235.047513
4.0,4,235.05551
17.0,17,235.081494
35.0,35,235.130466
3.0,3,235.137462
6.0,6,235.147455
1000.0,1000,240.360813
91.0,91,244.518442
21.0,21,244.549424
53.0,53,244.631393
3.0,3,244.638374
31.0,31,244.687345
68.0,68,244.794285
9.0,9,244.809275
53.0,53,244.89123
20.0,20,244.924207
1000.0,1000,249.997993
15.0,15,250.020991
46.0,46,250.090941
37.0,37,250.147911
5.0,5,250.157907
309.0,309,250.603652
66.0,66,250.700593
45.0,45,250.768554
4.0,4,250.775552
56.0,56,250.858521
5.0,5,250.867497
7.0,7,250.880492
65.0,65,250.974441
62.0,62,254.64155
1000.0,1000,259.646017
61.0,61,259.73996
44.0,44,259.808092
4.0,4,259.81707
59.0,59,259.907672
7.0,7,259.919665
76.0,76,260.031071
13.0,13,260.050058
77.0,77,260.161995
27.0,27,260.202988
3.0,3,260.209966
9.0,9,260.225957
132.0,132,260.421846
20.0,20,260.452844
95.0,95,260.596749
41.0,41,260.659709
37.0,37,260.717695
63.0,63,260.811623
3.0,3,260.818619
3.0,3,260.825614
68.0,68,260.929713
3.0,3,260.936709
57.0,57,261.02366
214.0,214,264.891632
25.0,25,264.928627
40.0,40,264.987577
145.0,145,265.200214
51.0,51,265.275874
8.0,8,265.288851
53.0,53,265.366807
35.0,35,265.417775
12.0,12,265.435765
18.0,18,265.463749
40.0,40,265.523714
45.0,45,265.58868
5.0,5,265.598675
137.0,137,265.807567
17.0,17,265.836538
128.0,128,266.031647
88.0,88,269.713224
107.0,107,269.879143
3.0,3,269.886123
48.0,48,269.958216
68.0,68,270.063156
6.0,6,270.074168
53.0,53,270.1571
155.0,155,270.391951
8.0,8,270.406941
4.0,4,270.415938
11.0,11,270.432927
5.0,5,270.441939
13.0,13,270.461927
24.0,24,270.498906
56.0,56,270.580842
72.0,72,270.690781
52.0,52,270.767736
8.0,8,270.781742
28.0,28,270.822721
19.0,19,270.850689
37.0,37,270.906659
5.0,5,270.915653
50.0,50,270.98561
48.0,48,271.057569
18.0,18,271.087571
29.0,29,271.133345
56.0,56,274.931674
1000.0,1000,280.091907
55.0,55,280.178305
42.0,42,280.244266
1000.0,1000,285.26383
4.0,4,285.271827
1000.0,1000,290.341637
4.0,4,290.351645
58.0,58,290.434585
30.0,30,290.481555
51.0,51,290.554267
6.0,6,290.565276
124.0,124,290.743174
6.0,6,290.754168
37.0,37,290.810121
53.0,53,290.885076
157.0,157,291.114944
30.0,30,291.161892
63.0,63,291.260831
57.0,57,291.346611
237.0,237,295.344562
44.0,44,295.40954
4.0,4,295.417521
47.0,47,295.48763
43.0,43,295.551572
57.0,57,295.635527
36.0,36,295.694494
14.0,14,295.716482
41.0,41,295.775451
62.0,62,295.866393
60.0,60,295.952344
46.0,46,296.018306
46.0,46,296.084281
171.0,171,296.341266
168.0,168,296.596301
64.0,64,296.690244
8.0,8,296.704236
156.0,156,300.559925
78.0,78,300.682869
264.0,264,301.058258
300.0,300,301.552972
1000.0,1000,306.73531
35.0,35,306.787266
134.0,134,306.977155
45.0,45,307.044116
51.0,51,307.120074
92.0,92,310.86328
47.0,47,310.935237
15.0,15,310.960222
55.0,55,311.048175
44.0,44,311.115832
35.0,35,311.169787
3.0,3,311.175783
124.0,124,311.356695
4.0,4,311.365688
336.0,336,311.929591
18.0,18,311.957588
49.0,49,312.031533
122.0,122,312.219425
41.0,41,312.279392
6.0,6,312.290385
118.0,118,316.402039
74.0,74,316.587931
47.0,47,316.657892
3.0,3,316.663888
76.0,76,316.808805
50.0,50,316.881764
31.0,31,316.927737
72.0,72,317.033677
50.0,50,317.108634
67.0,67,317.208577
115.0,115,317.374482
56.0,56,317.452439
6.0,6,317.464431
16.0,16,317.496417
4.0,4,317.508407
52.0,52,317.633334
52.0,52,317.749269
87.0,87,317.885191
17.0,17,317.912176
44.0,44,321.826576
44.0,44,321.890539
28.0,28,321.930515
397.0,397,322.531154
34.0,34,322.582142
4.0,4,322.590138
627.0,627,327.165541
76.0,76,327.274482
88.0,88,327.409404
38.0,38,327.476367
28.0,28,327.533333
19.0,19,327.572309
3.0,3,327.581304
4.0,4,327.591298
91.0,91,327.752207
181.0,181,328.006065
175.0,175,328.253922
22.0,22,328.287918
31.0,31,328.336543
1000.0,1000,333.500635
62.0,62,333.588588
4.0,4,333.597581
56.0,56,338.411523
123.0,123,338.588439
42.0,42,338.654441
15.0,15,338.679282
290.0,290,339.184986
42.0,42,339.249965
5.0,5,339.259943
73.0,73,339.37656
110.0,110,339.588431
22.0,22,339.628422
55.0,55,339.704364
103.0,103,339.858277
112.0,112,343.597155
1000.0,1000,348.609304
60.0,60,348.697251
129.0,129,348.884888
95.0,95,349.026373
241.0,241,349.373189
68.0,68,349.473095
76.0,76,349.591492
35.0,35,349.647474
44.0,44,349.715421
13.0,13,349.738408
118.0,118,349.91031
102.0,102,353.60217
39.0,39,353.660133
45.0,45,353.729924
26.0,26,353.772899
34.0,34,353.82487
121.0,121,353.994789
1000.0,1000,359.17081
366.0,366,359.711101
82.0,82,359.829028
39.0,39,359.884
52.0,52,359.960967
117.0,117,360.122861
103.0,103,363.826159
47.0,47,363.899117
46.0,46,363.967714
7.0,7,363.980725
69.0,69,364.081649
12.0,12,364.10164
128.0,128,364.283534
16.0,16,364.308522
37.0,37,364.366486
1000.0,1000,369.513198
60.0,60,369.600146
29.0,29,369.642138
1000.0,1000,374.647207
31.0,31,374.697195
63.0,63,374.79603
45.0,45,374.864876
128.0,128,375.057053
55.0,55,375.143521
7.0,7,375.156513
1000.0,1000,380.310956
243.0,243,384.261286
1000.0,1000,389.307571
456.0,456,390.024735
54.0,54,390.101704
1000.0,1000,395.116769
39.0,39,395.179726
185.0,185,395.456367
54.0,54,395.535307
877.0,877,400.391825
1000.0,1000,405.375772
103.0,103,405.52267
76.0,76,405.631619
62.0,62,405.721555
9.0,9,405.737544
239.0,239,409.644803
137.0,137,409.840573
1000.0,1000,414.957079
62.0,62,415.049027
1000.0,1000,420.086003
194.0,194,420.368084
183.0,183,420.633932
12.0,12,420.653919
74.0,74,420.757859
1000.0,1000,425.771441
1000.0,1000,430.985956
1000.0,1000,436.047209
1000.0,1000,441.251796
1000.0,1000,446.396408
1000.0,1000,451.446801
1000.0,1000,456.801573
1000.0,1000,462.109927
7.0,7,462.120905
1000.0,1000,467.385136
1000.0,1000,472.631589
1000.0,1000,478.133624
1000.0,1000,483.622448
1000.0,1000,489.277336
1000.0,1000,494.666915
1000.0,1000,499.709748
1000.0,1000,504.830558
1000.0,1000,510.273754
1000.0,1000,515.32228
1000.0,1000,520.406643
1000.0,1000,525.527052
1000.0,1000,530.602696
1000.0,1000,535.943777
1000.0,1000,540.963095
1000.0,1000,546.113064
1000.0,1000,551.561998
1000.0,1000,556.658632
1000.0,1000,561.715855
1000.0,1000,566.743106
1000.0,1000,571.759275
1000.0,1000,576.797142
1000.0,1000,581.871101
1000.0,1000,587.3037
1000.0,1000,592.318966
1000.0,1000,597.364243
1000.0,1000,602.398434
394.0,394,606.591886
1000.0,1000,611.682291
1000.0,1000,616.783446
1000.0,1000,621.788985
1000.0,1000,627.110722
1000.0,1000,632.348255
1000.0,1000,637.590206
1000.0,1000,642.732352
1000.0,1000,648.039094
1000.0,1000,653.439798
55.0,55,653.53574
1000.0,1000,658.791874
995.0,995,664.015783
1000.0,1000,670.798902
1000.0,1000,676.536869
1000.0,1000,681.542426
1000.0,1000,690.812135
1000.0,1000,698.910829
1000.0,1000,706.637179
9.0,9,706.652172
1000.0,1000,713.080145
1000.0,1000,719.25612
1000.0,1000,724.574676
1000.0,1000,729.597322
1000.0,1000,734.560985
1000.0,1000,739.471821
1000.0,1000,744.493946
30.0,30,744.541903
1000.0,1000,749.437108
1000.0,1000,755.326188
1000.0,1000,760.350641
1000.0,1000,765.549287
1000.0,1000,770.644614
1000.0,1000,776.870061
1000.0,1000,782.478287
1000.0,1000,788.336748
1000.0,1000,794.498664
1000.0,1000,799.884211
1000.0,1000,805.249192
171.0,171,805.516021
1000.0,1000,811.061901
1000.0,1000,816.373177
1000.0,1000,821.593541
1000.0,1000,827.749912
1000.0,1000,834.279243
1000.0,1000,841.31987
1000.0,1000,846.308321
1000.0,1000,851.225498
1000.0,1000,856.121751
1000.0,1000,861.005964
11.0,11,861.022956
67.0,67,861.118898
1000.0,1000,866.292948
1000.0,1000,871.173159
1000.0,1000,876.068583
1000.0,1000,881.06909
1000.0,1000,885.956373
1000.0,1000,890.843115
1000.0,1000,895.746531
1000.0,1000,900.639747
1000.0,1000,905.929478
1000.0,1000,911.949161
1000.0,1000,920.138118
1000.0,1000,925.506408
1000.0,1000,932.983232
1000.0,1000,938.992944
1000.0,1000,946.386899
1000.0,1000,954.5248
1000.0,1000,961.853472
1000.0,1000,967.968491
81.0,81,968.089437
1000.0,1000,972.985127
1000.0,1000,978.101108
1000.0,1000,983.332267
1000.0,1000,988.795159
1000.0,1000,994.264038
1000.0,1000,999.238253
1000.0,1000,1004.220744
1000.0,1000,1009.39835
1000.0,1000,1015.02782
1000.0,1000,1020.059196
1000.0,1000,1025.381351
1000.0,1000,1032.705729
1000.0,1000,1039.126339
1000.0,1000,1044.738797
1000.0,1000,1050.521417
1000.0,1000,1056.271833
1000.0,1000,1061.174873
1000.0,1000,1066.075073
1000.0,1000,1071.182842
1000.0,1000,1078.160857
1000.0,1000,1086.130309
93.0,93,1086.37217
63.0,63,1086.537076
1000.0,1000,1093.908868
1000.0,1000,1100.589087
806.0,806,1105.974177
1000.0,1000,1111.361449
1000.0,1000,1116.509815
1000.0,1000,1122.200567
1000.0,1000,1127.970288
187.0,187,1128.25113
1000.0,1000,1134.044358
1000.0,1000,1140.359752
1000.0,1000,1146.272379
1000.0,1000,1152.5144
1000.0,1000,1158.330444
165.0,165,1162.187351
1000.0,1000,1167.150517
1000.0,1000,1172.091429
57.0,57,1172.178396
1000.0,1000,1177.157851
194.0,194,1177.441674
74.0,74,1177.544617
1000.0,1000,1182.508004
1000.0,1000,1187.486159
233.0,233,1187.82598
1000.0,1000,1192.761704
1000.0,1000,1197.710635
1000.0,1000,1202.629827
1000.0,1000,1208.005411
1000.0,1000,1212.941393
1000.0,1000,1217.877557
1000.0,1000,1222.804745
1000.0,1000,1227.760701
1000.0,1000,1232.675842
1000.0,1000,1237.643231
1000.0,1000,1242.616043
1000.0,1000,1247.580019
1000.0,1000,1252.547182
1000.0,1000,1257.927387
1000.0,1000,1262.885703
1000.0,1000,1267.773257
1000.0,1000,1272.925764
1000.0,1000,1277.884903
1000.0,1000,1282.801633
83.0,83,1282.925563
1000.0,1000,1287.866872
1000.0,1000,1292.815051
1000.0,1000,1297.791958
1000.0,1000,1302.72326
666.0,666,1307.745393
1000.0,1000,1312.686278
1000.0,1000,1317.623669
1000.0,1000,1322.550855
1000.0,1000,1327.524616
1000.0,1000,1332.458617
1000.0,1000,1337.41667
1000.0,1000,1342.348676
1000.0,1000,1347.262307
1000.0,1000,1352.219537
90.0,90,1352.351459
1000.0,1000,1357.740077
1000.0,1000,1362.693479
155.0,155,1362.915371
1000.0,1000,1367.85068
103.0,103,1367.995279
1000.0,1000,1372.923671
1000.0,1000,1377.89855
1000.0,1000,1382.893305
100.0,100,1383.035211
1000.0,1000,1388.024447
1000.0,1000,1392.993729
1000.0,1000,1397.944223
1000.0,1000,1403.35751
65.0,65,1403.45244
86.0,86,1403.575369
293.0,293,1408.147759
62.0,62,1408.247702
108.0,108,1408.422618
1000.0,1000,1414.981859
1000.0,1000,1420.546735
1000.0,1000,1426.146919
1000.0,1000,1431.655712
1000.0,1000,1437.263289
1000.0,1000,1442.876768
1000.0,1000,1448.680492
1000.0,1000,1454.270532
222.0,222,1454.62033
1000.0,1000,1460.128196
1000.0,1000,1465.736701
1000.0,1000,1470.62634
1000.0,1000,1475.557364
1000.0,1000,1480.531918
1000.0,1000,1485.487274
1000.0,1000,1490.428035
1000.0,1000,1495.372774
1000.0,1000,1500.913136
1000.0,1000,1506.206616
66.0,66,1506.30056
1000.0,1000,1511.19348
1000.0,1000,1516.628362
1000.0,1000,1521.678497
1000.0,1000,1526.569386
1000.0,1000,1531.464571
254.0,254,1531.83324
1000.0,1000,1536.900917
1000.0,1000,1542.62406
1000.0,1000,1547.938045
1000.0,1000,1552.872227
1000.0,1000,1557.847733
107.0,107,1561.53861
1000.0,1000,1567.009292
122.0,122,1567.181193
1000.0,1000,1572.099403
1000.0,1000,1577.056557
98.0,98,1577.197521
154.0,154,1577.407399
91.0,91,1577.532326
87.0,87,1577.652275
121.0,121,1577.826163
144.0,144,1578.02405
158.0,158,1578.236924
101.0,101,1581.936753
99.0,99,1582.076656
138.0,138,1582.269544
1000.0,1000,1587.233507
55.0,55,1587.313457
101.0,101,1587.458375
99.0,99,1587.5863
106.0,106,1587.73322
115.0,115,1587.896128
317.0,317,1591.874287
101.0,101,1592.014224
109.0,109,1592.169119
52.0,52,1592.242094
107.0,107,1592.394988
103.0,103,1592.542922
79.0,79,1592.660836
88.0,88,1592.782786
1000.0,1000,1597.72809
112.0,112,1597.890002
144.0,144,1601.627702
1000.0,1000,1606.579848
166.0,166,1606.822435
96.0,96,1606.967351
103.0,103,1607.126273
619.0,619,1611.523907
179.0,179,1611.772727
66.0,66,1611.86767
1000.0,1000,1617.327233
102.0,102,1617.471151
1000.0,1000,1622.432246
173.0,173,1622.671126
1000.0,1000,1627.616532
1000.0,1000,1632.574661
106.0,106,1632.722581
1000.0,1000,1637.673441
1000.0,1000,1642.623469
1000.0,1000,1647.546249
1000.0,1000,1652.463069
1000.0,1000,1657.412233
1000.0,1000,1663.890972
1000.0,1000,1670.459223
1000.0,1000,1675.777186
1000.0,1000,1680.762609
167.0,167,1680.993479
1000.0,1000,1686.061259
1000.0,1000,1690.988129
1000.0,1000,1695.927154
1000.0,1000,1700.881159
1000.0,1000,1705.86043
1000.0,1000,1710.828877
1000.0,1000,1715.783517
1000.0,1000,1721.424187
1000.0,1000,1726.391501
1000.0,1000,1731.336275
1000.0,1000,1736.306465
1000.0,1000,1741.270846
1000.0,1000,1746.253204
1000.0,1000,1751.218698
1000.0,1000,1756.16385
1000.0,1000,1761.104761
1000.0,1000,1766.082532
1000.0,1000,1771.636366
1000.0,1000,1776.599532
1000.0,1000,1781.554707
1000.0,1000,1786.547868
1000.0,1000,1791.534209
1000.0,1000,1796.503815
1000.0,1000,1801.470599
1000.0,1000,1806.450532
1000.0,1000,1811.425674
1000.0,1000,1816.39152
1000.0,1000,1821.982816
1000.0,1000,1826.945998
1000.0,1000,1831.899158
1000.0,1000,1836.981253
1000.0,1000,1841.962428
1000.0,1000,1847.059502
1000.0,1000,1852.021668
65.0,65,1852.114633
1000.0,1000,1857.103423
53.0,53,1857.179379
1000.0,1000,1862.135551
1000.0,1000,1867.088269
1000.0,1000,1872.740719
57.0,57,1872.823668
98.0,98,1876.513562
1000.0,1000,1881.492083
1000.0,1000,1886.452772
187.0,187,1886.722603
1000.0,1000,1891.674734
1000.0,1000,1896.619916
97.0,97,1896.757837
129.0,129,1896.941728
1000.0,1000,1901.903914
105.0,105,1902.048813
45.0,45,1902.116778
98.0,98,1902.257698
248.0,248,1902.597501
96.0,96,1906.580227
1000.0,1000,1911.666922
101.0,101,1911.805856
70.0,70,1911.905802
103.0,103,1912.051702
1000.0,1000,1917.130808
1000.0,1000,1922.682631
1000.0,1000,1927.642879
1000.0,1000,1932.59705
1000.0,1000,1937.567368
1000.0,1000,1942.518559
1000.0,1000,1947.480709
1000.0,1000,1952.450978
1000.0,1000,1957.401722
1000.0,1000,1962.391358
1000.0,1000,1967.402497
1000.0,1000,1973.016854
1000.0,1000,1977.979889
1000.0,1000,1982.957347
1000.0,1000,1987.969428
1000.0,1000,1992.969352
1000.0,1000,1997.94351
1000.0,1000,2003.653769
1000.0,1000,2009.479086
1000.0,1000,2015.18183
1000.0,1000,2021.0227
1000.0,1000,2027.478274
1000.0,1000,2033.16383
1000.0,1000,2038.786159
1000.0,1000,2044.441819
1000.0,1000,2050.111017
1000.0,1000,2055.79094
1000.0,1000,2061.460052
1000.0,1000,2067.192467
1000.0,1000,2072.82661
1000.0,1000,2078.506333
1000.0,1000,2084.977878
1000.0,1000,2090.766651
1000.0,1000,2096.460874
1000.0,1000,2102.126392
1000.0,1000,2107.74581
1000.0,1000,2113.482849
1000.0,1000,2119.187401
1000.0,1000,2124.882462
1000.0,1000,2130.529515
1000.0,1000,2136.162317
1000.0,1000,2142.678519
1000.0,1000,2149.559106
1000.0,1000,2155.307013
1000.0,1000,2161.069724
1000.0,1000,2166.734201
1000.0,1000,2172.365477
1000.0,1000,2178.047223
1000.0,1000,2183.707881
1000.0,1000,2189.391187
1000.0,1000,2195.107317
1000.0,1000,2201.588955
1000.0,1000,2207.581534
1000.0,1000,2213.509153
1000.0,1000,2219.222979
1000.0,1000,2224.345526
1000.0,1000,2229.290704
1000.0,1000,2234.231602
1000.0,1000,2239.205278
1000.0,1000,2244.215321
1000.0,1000,2249.268455
1000.0,1000,2254.960236
82.0,82,2255.07717
1000.0,1000,2260.092341
1000.0,1000,2265.081495
1000.0,1000,2270.051746
1000.0,1000,2275.032632
1000.0,1000,2280.013809
1000.0,1000,2285.026053
78.0,78,2285.137989
1000.0,1000,2290.115252
1000.0,1000,2295.094214
1000.0,1000,2300.10001
1000.0,1000,2305.828501
1000.0,1000,2310.809843
1000.0,1000,2315.818226
1000.0,1000,2320.823388
1000.0,1000,2325.818908
1000.0,1000,2330.786167
1000.0,1000,2335.777812
1000.0,1000,2340.7829
1000.0,1000,2345.772045
1000.0,1000,2350.829614
1000.0,1000,2356.581233
1000.0,1000,2361.572992
1000.0,1000,2366.562144
1000.0,1000,2371.550147
1000.0,1000,2376.583515
1000.0,1000,2381.576789
1000.0,1000,2386.588641
1000.0,1000,2391.571896
1000.0,1000,2396.564354
1000.0,1000,2401.609344
1000.0,1000,2408.704878
1000.0,1000,2414.013204
1000.0,1000,2419.973036
1000.0,1000,2425.292938
1000.0,1000,2430.395303
1000.0,1000,2436.243589
1000.0,1000,2442.845819
1000.0,1000,2447.954903
1000.0,1000,2454.08047
1000.0,1000,2459.641277
1000.0,1000,2466.26434
1000.0,1000,2471.408491
1000.0,1000,2477.695903
1000.0,1000,2483.071331
1000.0,1000,2489.316921
1000.0,1000,2494.765403
1000.0,1000,2500.623775
1000.0,1000,2508.803107
1000.0,1000,2515.542943
1000.0,1000,2525.130472
1000.0,1000,2537.231564
1000.0,1000,2546.287393
1000.0,1000,2553.386767
1000.0,1000,2559.397335
1000.0,1000,2564.529056
1000.0,1000,2569.54405
1000.0,1000,2574.746479
1000.0,1000,2579.880531
1000.0,1000,2585.085363
1000.0,1000,2590.099188
1000.0,1000,2596.011901
1000.0,1000,2601.256908
1000.0,1000,2606.301404
1000.0,1000,2611.580955
1000.0,1000,2616.842019
1000.0,1000,2621.834399
1000.0,1000,2626.923913
1000.0,1000,2631.922056
1000.0,1000,2637.057238
1000.0,1000,2642.043491
1000.0,1000,2647.922854
182.0,182,2648.215671
1000.0,1000,2653.999339
1000.0,1000,2660.478066
1000.0,1000,2666.401684
1000.0,1000,2673.601574
1000.0,1000,2679.368944
1000.0,1000,2684.73288
1000.0,1000,2690.705369
1000.0,1000,2695.893214
1000.0,1000,2701.415911
1000.0,1000,2707.928985
1000.0,1000,2713.500232
1000.0,1000,2718.962793
1000.0,1000,2724.135969
1000.0,1000,2729.56857
1000.0,1000,2734.766621
1000.0,1000,2739.897661
1000.0,1000,2745.207517
1000.0,1000,2751.052226
119.0,119,2751.224131
1000.0,1000,2756.50658
1000.0,1000,2762.467199
1000.0,1000,2768.947079
1000.0,1000,2775.412015
1000.0,1000,2781.288657
1000.0,1000,2786.426389
1000.0,1000,2791.411563
1000.0,1000,2796.401896
1000.0,1000,2801.353988
1000.0,1000,2806.368942
1000.0,1000,2811.642016
1000.0,1000,2817.627766
1000.0,1000,2822.624741
1000.0,1000,2827.620885
1000.0,1000,2832.614035
1000.0,1000,2837.687945
1000.0,1000,2842.715483
1000.0,1000,2847.751998
1000.0,1000,2852.78187
200.0,200,2856.649658
1000.0,1000,2861.588858
1000.0,1000,2867.483544
1000.0,1000,2872.505975
1000.0,1000,2877.557104
1000.0,1000,2882.600702
1000.0,1000,2887.617205
1000.0,1000,2892.648533
1000.0,1000,2897.679392
1000.0,1000,2902.701995
1000.0,1000,2907.682858
1000.0,1000,2912.679971
109.0,109,2912.832865
1000.0,1000,2918.740916
1000.0,1000,2923.782967
1000.0,1000,2928.763454
1000.0,1000,2933.777593
1000.0,1000,2938.775738
1000.0,1000,2943.795924
1000.0,1000,2948.818392
1000.0,1000,2953.905219
218.0,218,2954.203998
1000.0,1000,2959.228695
1000.0,1000,2964.253101
1000.0,1000,2970.228204
1000.0,1000,2975.238345
1000.0,1000,2980.248503
1000.0,1000,2985.301984
1000.0,1000,2990.302458
1000.0,1000,2995.344576
1000.0,1000,3000.382321
1000.0,1000,3005.414608
1000.0,1000,3010.442389
1000.0,1000,3015.451602
1000.0,1000,3021.438667
1000.0,1000,3026.833219
1000.0,1000,3031.873782
1000.0,1000,3037.005224
1000.0,1000,3042.114306
1000.0,1000,3047.168816
94.0,94,3047.309754
1000.0,1000,3052.315559
1000.0,1000,3057.348424
1000.0,1000,3062.363576
1000.0,1000,3067.406106
1000.0,1000,3073.399668
1000.0,1000,3078.425581
1000.0,1000,3083.452272
1000.0,1000,3088.836577
128.0,128,3089.014489
1000.0,1000,3094.101194
1000.0,1000,3099.104709
1000.0,1000,3104.128705
1000.0,1000,3109.232793
1000.0,1000,3114.242418
1000.0,1000,3119.252852
1000.0,1000,3125.235706
1000.0,1000,3130.270582
1000.0,1000,3135.288801
1000.0,1000,3140.304215
1000.0,1000,3145.291383
1000.0,1000,3150.301586
1000.0,1000,3155.362144
111.0,111,3155.525068
1000.0,1000,3160.848599
1000.0,1000,3165.987648
1000.0,1000,3171.757354
1000.0,1000,3177.971551
1000.0,1000,3182.970713
76.0,76,3183.084636
1000.0,1000,3188.063908
1000.0,1000,3193.05962
1000.0,1000,3198.032228
1000.0,1000,3203.005389
1000.0,1000,3208.344457
58.0,58,3208.425408
1000.0,1000,3213.640087
1000.0,1000,3219.322206
1000.0,1000,3224.64297
1000.0,1000,3230.689554
1000.0,1000,3235.790638
63.0,63,3235.878591
1000.0,1000,3240.889911
1000.0,1000,3245.920042
1000.0,1000,3251.286656
1000.0,1000,3256.405444
1000.0,1000,3261.406634
1000.0,1000,3266.441455
67.0,67,3266.538402
1000.0,1000,3271.584743
1000.0,1000,3276.68017
1000.0,1000,3282.73985
1000.0,1000,3287.781618
1000.0,1000,3292.77377
1000.0,1000,3297.75553
1000.0,1000,3302.916778
1000.0,1000,3307.955638
1000.0,1000,3313.318592
1000.0,1000,3318.376449
1000.0,1000,3323.852551
1000.0,1000,3330.248334
1000.0,1000,3337.128996
1000.0,1000,3342.746269
1000.0,1000,3348.409271
1000.0,1000,3353.901143
1000.0,1000,3365.210671
188.0,188,3370.112874
1000.0,1000,3377.241805
1000.0,1000,3382.952466
1000.0,1000,3388.552682
1000.0,1000,3393.951554
1000.0,1000,3400.224658
1000.0,1000,3405.336399
1000.0,1000,3410.455477
122.0,122,3410.626384
1000.0,1000,3416.344533
1000.0,1000,3421.775631
1000.0,1000,3427.200738
1000.0,1000,3432.277066
1000.0,1000,3437.475581
258.0,258,3437.867912
1000.0,1000,3443.453882
89.0,89,3443.613775
1000.0,1000,3449.307522
70.0,70,3449.412462
1000.0,1000,3455.713865
1000.0,1000,3461.153458
77.0,77,3461.257395
1000.0,1000,3466.40526
1000.0,1000,3471.377708
1000.0,1000,3476.437502
1000.0,1000,3481.482411
1000.0,1000,3486.483677
1000.0,1000,3491.512924
1000.0,1000,3496.542612
1000.0,1000,3501.543456
1000.0,1000,3507.7877
1000.0,1000,3512.794069
1000.0,1000,3517.797837
1000.0,1000,3523.885777
1000.0,1000,3530.467229
1000.0,1000,3537.686666
1000.0,1000,3545.416018
1000.0,1000,3553.214629
1000.0,1000,3558.862788
1000.0,1000,3564.31465
1000.0,1000,3571.935485
1000.0,1000,3578.153128
1000.0,1000,3583.613545
1000.0,1000,3588.800988
341.0,341,3593.086922
1000.0,1000,3598.545578
1000.0,1000,3603.86491
1000.0,1000,3609.022612
1000.0,1000,3614.151336
1000.0,1000,3619.290954
1000.0,1000,3625.544737
1000.0,1000,3630.792745
1000.0,1000,3636.286382
131.0,131,3636.475271
1000.0,1000,3641.515387
1000.0,1000,3646.679885
1000.0,1000,3651.727112
1000.0,1000,3656.842315
1000.0,1000,3661.927319
1000.0,1000,3666.989445
1000.0,1000,3672.228977
1000.0,1000,3678.438889
1000.0,1000,3683.492414
1000.0,1000,3688.607922
1000.0,1000,3693.685891
1000.0,1000,3698.749863
1000.0,1000,3703.804766
1000.0,1000,3709.028929
1000.0,1000,3714.084754
1000.0,1000,3719.086908
236.0,236,3719.423696
1000.0,1000,3724.520557
1000.0,1000,3730.779754
1000.0,1000,3735.844934
1000.0,1000,3740.908025
1000.0,1000,3745.924562
1000.0,1000,3750.970899
1000.0,1000,3755.990287
476.0,476,3756.663215
1000.0,1000,3761.674837
1000.0,1000,3766.721764
1000.0,1000,3771.76027
1000.0,1000,3776.821673
1000.0,1000,3783.028754
1000.0,1000,3788.039335
1000.0,1000,3793.065387
1000.0,1000,3798.091533
1000.0,1000,3803.144767
1000.0,1000,3808.16591
1000.0,1000,3813.216718
1000.0,1000,3818.274784
1000.0,1000,3823.321226
1000.0,1000,3828.352809
1000.0,1000,3834.592904
1000.0,1000,3839.624715
95.0,95,3843.434755
1000.0,1000,3848.466889
1000.0,1000,3853.553981
1000.0,1000,3858.617089
1000.0,1000,3863.638223
1000.0,1000,3868.678345
1000.0,1000,3873.833017
1000.0,1000,3879.391726
1000.0,1000,3885.878618
1000.0,1000,3890.961335
1000.0,1000,3896.014482
1000.0,1000,3901.07609
1000.0,1000,3906.167226
1000.0,1000,3911.225854
1000.0,1000,3916.279217
1000.0,1000,3921.326953
1000.0,1000,3926.350785
129.0,129,3926.533685
1000.0,1000,3931.548358
1000.0,1000,3937.843781
1000.0,1000,3942.947021
1000.0,1000,3948.047427
1000.0,1000,3953.095487
1000.0,1000,3958.173035
1000.0,1000,3963.193622
1000.0,1000,3968.273726
99.0,99,3968.421667
1000.0,1000,3973.478754
1000.0,1000,3978.501403
1000.0,1000,3983.571269
1000.0,1000,3989.832766
121.0,121,3990.005666
1000.0,1000,3995.016553
1000.0,1000,4000.066838
1000.0,1000,4005.093967
90.0,90,4005.223894
1000.0,1000,4010.44371
1000.0,1000,4015.496608
1000.0,1000,4020.590866
1000.0,1000,4026.340153
1000.0,1000,4033.159923
1000.0,1000,4040.847806
232.0,232,4041.33453
1000.0,1000,4050.158696
1000.0,1000,4055.819289
1000.0,1000,4061.395138
1000.0,1000,4066.440956
1000.0,1000,4071.460847
1000.0,1000,4076.560436
1000.0,1000,4081.581095
1000.0,1000,4086.627771
1000.0,1000,4092.587921
1000.0,1000,4097.622505
44.0,44,4097.682464
1000.0,1000,4104.064599
1000.0,1000,4109.103117
1000.0,1000,4114.272167
241.0,241,4114.720815
1000.0,1000,4120.985334
1000.0,1000,4126.837595
1000.0,1000,4132.866151
1000.0,1000,4137.91791
1000.0,1000,4145.154323
1000.0,1000,4151.826337
1000.0,1000,4157.133311
1000.0,1000,4164.003716
1000.0,1000,4169.059324
1000.0,1000,4174.129352
1000.0,1000,4179.341376
1000.0,1000,4184.442103
1000.0,1000,4189.505257
1000.0,1000,4194.533486
1000.0,1000,4199.56163
1000.0,1000,4204.588977
73.0,73,4208.314504
1000.0,1000,4214.693642
787.0,787,4215.791741
1000.0,1000,4220.838841
1000.0,1000,4226.566657
1000.0,1000,4234.812572
1000.0,1000,4241.561719
1000.0,1000,4247.743841
1000.0,1000,4254.779521
1000.0,1000,4261.406737
1000.0,1000,4267.500714
154.0,154,4267.794548
1000.0,1000,4274.435755
1000.0,1000,4282.586103
1000.0,1000,4287.599659
1000.0,1000,4292.594997
1000.0,1000,4297.646308
1000.0,1000,4302.700114
1000.0,1000,4307.838465
1000.0,1000,4312.893972
1000.0,1000,4317.938617
1000.0,1000,4322.984647
1000.0,1000,4328.006262
1000.0,1000,4334.438382
1000.0,1000,4339.479518
1000.0,1000,4344.480853
1000.0,1000,4349.547022
1000.0,1000,4354.575919
70.0,70,4358.309494
1000.0,1000,4363.950926
1000.0,1000,4371.190795
1000.0,1000,4377.505313
1000.0,1000,4383.033989
1000.0,1000,4389.519919
1000.0,1000,4394.68038
1000.0,1000,4401.902776
1000.0,1000,4408.124777
93.0,93,4408.2547
1000.0,1000,4413.304674
1000.0,1000,4418.680934
1000.0,1000,4425.337558
36.0,36,4425.397524
1000.0,1000,4431.162829
1000.0,1000,4436.88101
163.0,163,4437.14386
1000.0,1000,4443.92633
1000.0,1000,4450.459143
1000.0,1000,4455.468189
1000.0,1000,4463.745113
1000.0,1000,4470.492237
181.0,181,4470.738137
1000.0,1000,4475.810549
1000.0,1000,4480.880259
1000.0,1000,4485.976351
1000.0,1000,4491.033585
1000.0,1000,4496.063759
1000.0,1000,4501.086895
1000.0,1000,4507.570453
1000.0,1000,4512.621655
14.0,14,4512.643642
1000.0,1000,4517.711252
42.0,42,4517.772214
18.0,18,4517.799188
1000.0,1000,4523.350667
174.0,174,4523.583536
137.0,137,4523.767428
1000.0,1000,4528.864862
654.0,654,4533.456195
1000.0,1000,4538.511457
1000.0,1000,4543.559894
1000.0,1000,4549.250887
114.0,114,4549.409864
408.0,408,4553.692786
101.0,101,4553.836688
1000.0,1000,4560.306672
1000.0,1000,4565.390755
1000.0,1000,4570.44612
94.0,94,4570.575049
96.0,96,4570.710968
1000.0,1000,4575.856066
1000.0,1000,4580.945148
1000.0,1000,4586.050182
1000.0,1000,4591.138727
1000.0,1000,4596.206441
1000.0,1000,4601.271348
1000.0,1000,4606.398417
1000.0,1000,4613.295311
1000.0,1000,4620.152075
1000.0,1000,4628.871582
111.0,111,4629.022971
1000.0,1000,4634.620264
1000.0,1000,4639.822666
1000.0,1000,4645.864292
134.0,134,4646.056168
1000.0,1000,4651.717634
34.0,34,4651.769605
1000.0,1000,4657.770039
1000.0,1000,4663.160425
1000.0,1000,4668.51952
120.0,120,4668.693973
148.0,148,4668.915671
74.0,74,4674.544726
1000.0,1000,4680.949729
107.0,107,4681.383482
1000.0,1000,4692.11036
1000.0,1000,4701.098231
1000.0,1000,4706.833224
1000.0,1000,4712.243831
1000.0,1000,4717.589473
1000.0,1000,4722.862681
1000.0,1000,4728.676351
132.0,132,4728.871241
1000.0,1000,4734.030873
120.0,120,4734.202791
104.0,104,4734.352707
749.0,749,4740.637102
87.0,87,4740.760034
1000.0,1000,4745.975116
1000.0,1000,4751.090081
1000.0,1000,4756.459013
1000.0,1000,4761.744921
1000.0,1000,4766.855772
1000.0,1000,4771.957201
1000.0,1000,4777.113946
182.0,182,4777.369803
142.0,142,4777.570685
1000.0,1000,4782.719947
1000.0,1000,4787.867812
1000.0,1000,4794.557977
1000.0,1000,4799.711039
1000.0,1000,4804.877682
1000.0,1000,4809.97812
167.0,167,4810.210983
262.0,262,4814.306606
1000.0,1000,4819.391922
1000.0,1000,4824.469879
1000.0,1000,4829.556885
165.0,165,4829.795751
1000.0,1000,4836.085485
1000.0,1000,4842.375894
1000.0,1000,4853.088811
91.0,91,4853.293695
91.0,91,4853.512585
1000.0,1000,4859.357128
1000.0,1000,4864.511696
1000.0,1000,4869.63486
1000.0,1000,4876.198554
1000.0,1000,4881.472543
1000.0,1000,4886.510897
1000.0,1000,4891.596866
1000.0,1000,4896.71347
1000.0,1000,4901.784011
1000.0,1000,4908.827423
1000.0,1000,4913.941273
1000.0,1000,4919.069328
1000.0,1000,4924.179657
1000.0,1000,4929.248767
1000.0,1000,4934.319873
1000.0,1000,4939.435482
1000.0,1000,4944.546622
10.0,10,4944.562613
1000.0,1000,4949.651634
1000.0,1000,4954.742726
1000.0,1000,4961.347104
1000.0,1000,4966.415939
1000.0,1000,4971.528134
50.0,50,4971.60547
97.0,97,4971.746062
1000.0,1000,4976.843054
1000.0,1000,4981.956133
108.0,108,4982.112044
1000.0,1000,4987.175615
83.0,83,4987.291564
1000.0,1000,4992.398743
1000.0,1000,4997.582772
11.0,11,4997.601761
1000.0,1000,5002.699214
106.0,106,5002.849127
1000.0,1000,5007.932975
1000.0,1000,5014.68969
1000.0,1000,5019.795372
1000.0,1000,5024.857264
1000.0,1000,5029.95655
9.0,9,5029.972556
1000.0,1000,5035.023657
392.0,392,5039.271116
1000.0,1000,5044.405617
1000.0,1000,5049.653488
305.0,305,5050.092235
1000.0,1000,5055.19656
1000.0,1000,5060.336073
1000.0,1000,5067.243933
1000.0,1000,5072.316036
60.0,60,5072.402987
1000.0,1000,5077.514995
14.0,14,5077.537993
87.0,87,5077.662909
1000.0,1000,5082.8559
1000.0,1000,5087.977428
1000.0,1000,5093.052591
1000.0,1000,5098.173268
1000.0,1000,5103.29562
1000.0,1000,5108.415347
1000.0,1000,5113.520453
90.0,90,5113.645385
99.0,99,5113.782307
1000.0,1000,5120.624069
117.0,117,5124.485863
1000.0,1000,5129.569825
1000.0,1000,5134.639158
1000.0,1000,5139.731316
1000.0,1000,5144.947697
209.0,209,5145.243529
1000.0,1000,5150.521241
88.0,88,5150.66316
1000.0,1000,5156.705807
51.0,51,5156.80275
1000.0,1000,5162.32294
1000.0,1000,5167.416667
1000.0,1000,5174.179076
149.0,149,5174.392971
219.0,219,5174.733762
1000.0,1000,5179.858068
74.0,74,5179.973124
111.0,111,5180.134527
109.0,109,5183.973416
1000.0,1000,5189.068447
69.0,69,5189.16341
55.0,55,5189.242349
58.0,58,5189.324302
69.0,69,5189.423243
60.0,60,5189.510195
11.0,11,5189.528184
57.0,57,5189.608157
169.0,169,5189.851002
52.0,52,5189.925975
65.0,65,5190.018903
123.0,123,5190.194804
1000.0,1000,5195.314409
218.0,218,5199.303689
1000.0,1000,5204.378037
1000.0,1000,5209.516118
1000.0,1000,5214.628185
129.0,129,5214.811098
1000.0,1000,5219.911087
1000.0,1000,5226.638246
1000.0,1000,5231.712352
733.0,733,5232.751341
1000.0,1000,5237.847445
1000.0,1000,5242.96883
1000.0,1000,5248.14166
1000.0,1000,5253.227884
72.0,72,5253.326827
1000.0,1000,5258.456896
1000.0,1000,5263.544008
1000.0,1000,5268.659417
1000.0,1000,5273.74241
61.0,61,5279.187317
1000.0,1000,5284.397179
1000.0,1000,5290.916338
1000.0,1000,5298.14601
118.0,118,5298.336902
88.0,88,5298.483819
105.0,105,5298.655957
78.0,78,5298.786881
1000.0,1000,5304.592672
1000.0,1000,5309.718894
223.0,223,5310.022471
1000.0,1000,5315.139754
1000.0,1000,5320.241487
1000.0,1000,5325.329599
1000.0,1000,5330.440666
14.0,14,5330.463653
1000.0,1000,5337.247777
1000.0,1000,5342.352863
1000.0,1000,5347.476938
1000.0,1000,5352.570425
126.0,126,5352.7583
1000.0,1000,5357.887498
1000.0,1000,5362.982593
1000.0,1000,5368.411269
1000.0,1000,5373.60296
1000.0,1000,5378.74994
1000.0,1000,5383.939975
1000.0,1000,5390.782957
1000.0,1000,5395.926632
1000.0,1000,5401.070819
1000.0,1000,5406.168934
1000.0,1000,5411.266777
1000.0,1000,5416.36588
1000.0,1000,5421.489032
1000.0,1000,5426.611036
1000.0,1000,5431.737025
1000.0,1000,5436.883762
